"Field","Value"
"Study_Name","Coming of Age Under Trump: First Electoral Exposure and Support for Liberal Democratic Norms"
"PI_Name","Kevin Arceneaux"
"PI_Institution","Sciences Po Paris"
"Data_Source","American National Election Study (ANES) 2020 Time Series Study — Restricted version (contains exact respondent birthdates)"
"Data_Version","Panel waves 3–6 (V200003 in {3, 4, 5, 6}), pre- and post-election interviews (V200004 in {1, 3})"
"Analysis_Date","2026-05-05"
"Outcome_Variable","liberal_index"
"Outcome_Description","Liberal Democratic Norms Index: 1-factor principal-axis score of 7 ANES items (V201366, V201367, V201368, V201369, V201372x, V201375x, V201376), rescaled to [0, 1]; higher values = stronger support for liberal democratic norms"
"Running_Variable","days_from_cutoff: integer days between respondent's exact date of birth and November 6, 1994; negative values = born before cutoff (Control group)"
"RDD_Cutoff_Date","November 6, 1994 — respondents born on or before this date were aged 18 or older at the November 2012 presidential election and therefore eligible to vote (Control, treatment=0); those born after this date had the 2016 presidential election as their first eligible election (Treatment, treatment=1)"
"Control_Group","Born on or before November 6, 1994 (treatment=0): eligible to vote in the 2012 presidential election"
"Treatment_Group","Born after November 6, 1994 (treatment=1): first eligible presidential election was 2016 (Trump's first election as candidate)"
"Weighted","No — all analyses are unweighted; ANES post-stratification weight variable V200010b is available but was not applied"
"Survey_Weights_Available","Yes — ANES post-stratification weight V200010b is present in restricted data"
"Subgroups","Full Sample; Democrats; Republicans; Independents; Partisans; Expect In-Party Win; Expect In-Party Loss"
"Subgroup_Variable_Source","Party subgroups from ANES V201231x (7-point party identification); Expectation subgroups from V201217 (2020 election outcome expectations) crossed with party_summary"
"RDD_Package","rdrobust (Calonico, Cattaneo & Titiunik 2014/2020); MSE-optimal bandwidth (bwselect = 'mserd'); local linear polynomial (p=1); bias-corrected estimate preferred for main results"
"FA_Method","psych::fa(), nfactors=1, rotate='none', fm='pa' (principal axis); scores rescaled to [0,1] via scales::rescale()"
"Index_ANES_Items","free_press (V201366), checks_and_balances (V201367), rule_of_law (V201368), agree_on_facts (V201369), unitary_executive (V201372x), journalist_access (V201375x), media_undermined_concern (V201376)"
"Index_Scale","Factor scores from psych::fa() rescaled to [0, 1] using scales::rescale(); higher = stronger liberal democratic norm support"
"N_MC_Simulations","10,000 draws per sample × model combination; birth month and day simulated uniformly for 1994-born respondents only; rdrobust() run on each draw; mean of sampling distribution = point estimate, SD = standard error"
"Output_Files","Results/Main/rdd_liberal.csv (main RDD results); Results/Appendix/descriptives.csv (balance table); Results/Appendix/Robustness Checks/all_robustness_checks.csv; Results/Appendix/Robustness Checks/coefplot_robustness_checks_big.csv; Results/Monte Carlo/mc_results.csv (raw MC draws); Results/Monte Carlo/lambda_table.csv; Results/Monte Carlo/mc_histogram*.png + mc_histogram_data.csv; Results/Appendix/Index/fa_alpha_summary.csv; Results/Appendix/Index/fa_disagnostics.csv; Results/Appendix/Index/fa_eigenvalues.csv + screeplot_liberal.png; Results/Main/Plots/Discontinuity/discontinuityplot_*.png + *_data_*.csv Results/Main/Plots/Coefplot/coefplot*.png + *_data_*.csv Results/Datasets/df_treatmentvar.csv + df_treatmentvar.dta"
