"coef_conv","se_conv","pv_conv","coef_bc","se_bc","pv_bc","coef_rob","se_rob","pv_rob","bandwidth","controls","h_opt","sample","check_type","cutoff","polynomial"
-0.0471578482827065,0.0630974789894173,0.454833693836142,-0.00617847233895585,0.0630974789894173,0.921996231429542,-0.00617847233895585,0.0902516535637371,0.945420835430135,418,FALSE,1394.89417251252,"Full Sample","bandwidth",NA,NA
-0.021351618905231,0.0563686178927197,0.704847105803343,-0.0590148139843449,0.0563686178927197,0.295125180260218,-0.0590148139843449,0.0799349187195923,0.460340804504442,543,FALSE,1394.89417251252,"Full Sample","bandwidth",NA,NA
-0.00875924545328899,0.050424627537604,0.862093636825534,-0.0484064370177913,0.050424627537604,0.337067246363215,-0.0484064370177913,0.0735118147790743,0.510226448079808,668,FALSE,1394.89417251252,"Full Sample","bandwidth",NA,NA
0.000653326461127035,0.0464393997283908,0.988775438423174,-0.042324150511871,0.0464393997283908,0.362092801599107,-0.042324150511871,0.0688280874732464,0.538603879334074,793,FALSE,1394.89417251252,"Full Sample","bandwidth",NA,NA
0.00592982080404203,0.0429559875387649,0.890205561372987,-0.0288629355115788,0.0429559875387649,0.501635392530774,-0.0288629355115788,0.0637770041928745,0.6508654436931,918,FALSE,1394.89417251252,"Full Sample","bandwidth",NA,NA
0.00388128108596608,0.0404753699485983,0.923606016543941,-0.0150472925251834,0.0404753699485983,0.710068438979804,-0.0150472925251834,0.0603196235931031,0.803005501218891,1042,FALSE,1394.89417251252,"Full Sample","bandwidth",NA,NA
0.00572199320110967,0.0383633242620977,0.881433146317111,-0.0115957549788382,0.0383633242620977,0.762452744066161,-0.0115957549788382,0.0568443355351666,0.838360227790864,1167,FALSE,1394.89417251252,"Full Sample","bandwidth",NA,NA
0.00757547490283828,0.0365137975246866,0.835643732026309,-0.00763982627147508,0.0365137975246866,0.834267744524826,-0.00763982627147508,0.0537958524078198,0.887068035741148,1292,FALSE,1394.89417251252,"Full Sample","bandwidth",NA,NA
0.0112692639520248,0.0349896221443744,0.747396279819897,-0.00888522728050767,0.0349896221443744,0.799542736936585,-0.00888522728050767,0.0513745305420096,0.862690695451676,1417,FALSE,1394.89417251252,"Full Sample","bandwidth",NA,NA
0.0147915503706962,0.0337247996587089,0.660954550763749,-0.00926779037032133,0.0337247996587089,0.783464990299421,-0.00926779037032133,0.049213951181284,0.850628689668926,1542,FALSE,1394.89417251252,"Full Sample","bandwidth",NA,NA
0.0169102589375051,0.0325416634812624,0.60330789531064,-0.00609920736877501,0.0325416634812624,0.851325348639773,-0.00609920736877501,0.0471736059042957,0.897125972152782,1667,FALSE,1394.89417251252,"Full Sample","bandwidth",NA,NA
0.0181915475329457,0.0315384184215987,0.564070546834578,-0.0024007692041399,0.0315384184215987,0.939321994137509,-0.0024007692041399,0.045475691118364,0.957897346268311,1791,FALSE,1394.89417251252,"Full Sample","bandwidth",NA,NA
0.0203242220174557,0.03071040156595,0.508097772729555,-0.000865993318762359,0.03071040156595,0.977503676189285,-0.000865993318762359,0.0441384539663097,0.984346566106781,1916,FALSE,1394.89417251252,"Full Sample","bandwidth",NA,NA
0.0221710668402573,0.0298751252405918,0.458011816603066,0.00134975561843054,0.0298751252405918,0.963963903423269,0.00134975561843054,0.0427043955778972,0.974785502306973,2041,FALSE,1394.89417251252,"Full Sample","bandwidth",NA,NA
0.0237874880384144,0.0291250912698731,0.414079755192614,0.00352147130047586,0.0291250912698731,0.90376350402941,0.00352147130047586,0.0415062941233443,0.932387112008098,2166,FALSE,1394.89417251252,"Full Sample","bandwidth",NA,NA
0.0243608003523427,0.0284335779658656,0.391576601198974,0.00668087770142123,0.0284335779658656,0.814236388594855,0.00668087770142123,0.0403673267770733,0.868548790272482,2291,FALSE,1394.89417251252,"Full Sample","bandwidth",NA,NA
0.025072919992294,0.0277784527105476,0.366736533619894,0.0085318344448807,0.0277784527105476,0.758737895411922,0.0085318344448807,0.0393417178669695,0.828313697071496,2415,FALSE,1394.89417251252,"Full Sample","bandwidth",NA,NA
0.0253219421670635,0.0271510840433478,0.351010531259179,0.0113561077111286,0.0271510840433478,0.675759850865417,0.0113561077111286,0.0384194103096721,0.76754889276203,2540,FALSE,1394.89417251252,"Full Sample","bandwidth",NA,NA
0.0254947504763154,0.0265525482689235,0.336973638753271,0.0136299334835781,0.0265525482689235,0.607728038458847,0.0136299334835781,0.0375744503418262,0.716795589736362,2665,FALSE,1394.89417251252,"Full Sample","bandwidth",NA,NA
0.02548184649663,0.0260084803351751,0.327208819255213,0.0153410957600397,0.0260084803351751,0.555291382020141,0.0153410957600397,0.0368221422885491,0.67695131511965,2790,FALSE,1394.89417251252,"Full Sample","bandwidth",NA,NA
-0.0121156549775929,0.0530573855348028,0.819374142268072,0.00509560277555441,0.0530573855348028,0.923489231052237,0.00509560277555441,0.0733280293300509,0.94459917958571,418,TRUE,1394.89417251252,"Full Sample","bandwidth",NA,NA
0.0131723095286023,0.0492616792442914,0.789165317447852,-0.0231206989263996,0.0492616792442914,0.638823401747712,-0.0231206989263996,0.0671339670632875,0.730548169511661,543,TRUE,1394.89417251252,"Full Sample","bandwidth",NA,NA
0.0235928705856221,0.0453145899726578,0.602613235819302,-0.00727353908193227,0.0453145899726578,0.872477706693485,-0.00727353908193227,0.062330141862117,0.907102729356572,668,TRUE,1394.89417251252,"Full Sample","bandwidth",NA,NA
0.0325627114677367,0.0425846092580687,0.444474532232074,-0.000694533724404003,0.0425846092580687,0.986987477902218,-0.000694533724404003,0.0593968736032328,0.990670466741842,793,TRUE,1394.89417251252,"Full Sample","bandwidth",NA,NA
0.0343848267857278,0.0397566919242967,0.387103840295277,0.0106439196898322,0.0397566919242967,0.788909855780996,0.0106439196898322,0.0559982936484739,0.849249744004277,918,TRUE,1394.89417251252,"Full Sample","bandwidth",NA,NA
0.029267659951777,0.0376113755989933,0.436474821332196,0.0244539256808897,0.0376113755989933,0.515580054040807,0.0244539256808897,0.0537073917895668,0.648880699880057,1042,TRUE,1394.89417251252,"Full Sample","bandwidth",NA,NA
0.0250514315179739,0.0356976615078819,0.482824644392025,0.0296215717511733,0.0356976615078819,0.406657379812981,0.0296215717511733,0.0512595070525749,0.563348724198473,1167,TRUE,1394.89417251252,"Full Sample","bandwidth",NA,NA
0.0223871824806276,0.0339784379196485,0.509982860170988,0.0294310195580389,0.0339784379196485,0.38639829816982,0.0294310195580389,0.0489481650410109,0.547660761300436,1292,TRUE,1394.89417251252,"Full Sample","bandwidth",NA,NA
0.0226508729370874,0.0325737499761935,0.486822217219879,0.024333690348718,0.0325737499761935,0.455043193207422,0.024333690348718,0.0470203719249647,0.604797552986969,1417,TRUE,1394.89417251252,"Full Sample","bandwidth",NA,NA
0.0236177643146353,0.0314201684944333,0.452246352828788,0.0209409496627974,0.0314201684944333,0.505103615776625,0.0209409496627974,0.0452518836658151,0.64353342777746,1542,TRUE,1394.89417251252,"Full Sample","bandwidth",NA,NA
0.0229878893049516,0.0303325007071344,0.448532818443311,0.022223126485148,0.0303325007071344,0.463771527908633,0.022223126485148,0.0434645152469438,0.609145517802727,1667,TRUE,1394.89417251252,"Full Sample","bandwidth",NA,NA
0.0223829658653979,0.0294214764763931,0.446794675222629,0.0233652115381525,0.0294214764763931,0.427105224066436,0.0233652115381525,0.0419817193182777,0.577830273616941,1791,TRUE,1394.89417251252,"Full Sample","bandwidth",NA,NA
0.0229474948030872,0.0286514245409418,0.42317804455421,0.022714309616637,0.0286514245409418,0.427905334267538,0.022714309616637,0.0407433206985397,0.577187395938349,1916,TRUE,1394.89417251252,"Full Sample","bandwidth",NA,NA
0.0233295403008667,0.027882297401249,0.402752708344314,0.0228976111576925,0.027882297401249,0.411518701531963,0.0228976111576925,0.039471985147093,0.561848677311907,2041,TRUE,1394.89417251252,"Full Sample","bandwidth",NA,NA
0.0240743511237763,0.0272005954519988,0.376120462580826,0.022424918081809,0.0272005954519988,0.409696711881469,0.022424918081809,0.0384211925063586,0.559448998777028,2166,TRUE,1394.89417251252,"Full Sample","bandwidth",NA,NA
0.0239451650368881,0.0265719180361371,0.367510950195763,0.0233338102003331,0.0265719180361371,0.379868848779409,0.0233338102003331,0.0374262404699231,0.532981467039397,2291,TRUE,1394.89417251252,"Full Sample","bandwidth",NA,NA
0.0236738219219187,0.0259744252159898,0.362069835201212,0.0237764064320341,0.0259744252159898,0.359993445447432,0.0237764064320341,0.0365219295188423,0.515035346134295,2415,TRUE,1394.89417251252,"Full Sample","bandwidth",NA,NA
0.0230919709237327,0.0253933755863587,0.363154914982555,0.0250111966989072,0.0253933755863587,0.324648797640679,0.0250111966989072,0.0356885147822523,0.483415848719142,2540,TRUE,1394.89417251252,"Full Sample","bandwidth",NA,NA
0.0226346841177283,0.0248348002279277,0.362079411162928,0.0255333215415817,0.0248348002279277,0.303890226172618,0.0255333215415817,0.0349273784555476,0.464754532171423,2665,TRUE,1394.89417251252,"Full Sample","bandwidth",NA,NA
0.0221888375941485,0.0243332535816015,0.361835562189942,0.0257156778255256,0.0243332535816015,0.290597332007958,0.0257156778255256,0.03426660576899,0.452978393801944,2790,TRUE,1394.89417251252,"Full Sample","bandwidth",NA,NA
0.0146034661258697,0.0437714155599547,0.738658626479953,0.027264595909213,0.0437714155599547,0.53335952936974,0.027264595909213,0.0528286380868128,0.60578806077983,NA,FALSE,NA,"Full Sample","cutoffs",-730,NA
-0.0581037478885315,0.0369060330684042,0.115401956482078,-0.07112778001717,0.0369060330684042,0.0539463626510987,-0.07112778001717,0.0429867537019115,0.0979967046996559,NA,FALSE,NA,"Full Sample","cutoffs",-365,NA
0.0038230912670022,0.0403943605532437,0.924597454078852,-0.0064911733294778,0.0403943605532437,0.872333597251507,-0.0064911733294778,0.0485897226271303,0.893725615734103,NA,FALSE,NA,"Full Sample","cutoffs",0,NA
-0.00349071554181557,0.045129779378667,0.9383464006545,-0.0179517167539357,0.045129779378667,0.690792473570176,-0.0179517167539357,0.054063757356514,0.739853653389679,NA,FALSE,NA,"Full Sample","cutoffs",365,NA
0.0157928371725987,0.0406373661525099,0.697551007856732,0.0158087719998966,0.0406373661525099,0.697260917983316,0.0158087719998966,0.0500841555992949,0.75227260332837,NA,FALSE,NA,"Full Sample","cutoffs",730,NA
0.0135464652131522,0.0411709002085741,0.742132940714151,0.024770312703767,0.0411709002085741,0.547409716776135,0.024770312703767,0.0501949841977664,0.62167217469148,NA,TRUE,NA,"Full Sample","cutoffs",-730,NA
-0.0439005592984639,0.0328949049824534,0.182017062929542,-0.0511528422676561,0.0328949049824534,0.119936910742701,-0.0511528422676561,0.0386613861044254,0.18580244885503,NA,TRUE,NA,"Full Sample","cutoffs",-365,NA
0.0225658141464578,0.0327931588279966,0.491373651234376,0.0231069023500056,0.0327931588279966,0.481043203310889,0.0231069023500056,0.0396893662864868,0.560436159721441,NA,TRUE,NA,"Full Sample","cutoffs",0,NA
-0.0504695862719464,0.0435997109868239,0.247040786179985,-0.0688030867505932,0.0435997109868239,0.114551158191965,-0.0688030867505932,0.0512691658361742,0.179596841854636,NA,TRUE,NA,"Full Sample","cutoffs",365,NA
0.0279472156878393,0.0386279336197212,0.469374253159099,0.0270632159416209,0.0386279336197212,0.483544830166519,0.0270632159416209,0.047496352365492,0.568816292376247,NA,TRUE,NA,"Full Sample","cutoffs",730,NA
0.0038230912670022,0.0403943605532437,0.924597454078852,-0.0064911733294778,0.0403943605532437,0.872333597251507,-0.0064911733294778,0.0485897226271303,0.893725615734103,NA,FALSE,NA,"Full Sample","polynomial",NA,1
-0.0094842344466578,0.050986934994923,0.852434540460925,-0.0165013726653155,0.050986934994923,0.746211179641798,-0.0165013726653155,0.0587704539941987,0.778881694842015,NA,FALSE,NA,"Full Sample","polynomial",NA,2
-0.0201937617673402,0.0669886092078652,0.763070853757502,-0.0243177106907336,0.0669886092078652,0.716595455380604,-0.0243177106907336,0.0744781418435064,0.74404002176536,NA,FALSE,NA,"Full Sample","polynomial",NA,3
0.0225658141464578,0.0327931588279966,0.491373651234376,0.0231069023500056,0.0327931588279966,0.481043203310889,0.0231069023500056,0.0396893662864868,0.560436159721441,NA,TRUE,NA,"Full Sample","polynomial",NA,1
0.0218072849282053,0.0438151987542626,0.618688099037843,0.0218594121341113,0.0438151987542626,0.617849681692033,0.0218594121341113,0.0505876198703303,0.665661528623613,NA,TRUE,NA,"Full Sample","polynomial",NA,2
0.0170074947692687,0.0591295127684255,0.773629032904044,0.0109636966804671,0.0591295127684255,0.852900916922258,0.0109636966804671,0.0649601197314421,0.865972987922062,NA,TRUE,NA,"Full Sample","polynomial",NA,3
0.00480846257545386,0.159215337231946,0.975906750131714,-0.0849529286880903,0.159215337231946,0.593637324906337,-0.0849529286880903,0.27209407005536,0.754874120720707,407,FALSE,1356.85811512677,"Independents","bandwidth",NA,NA
0.0284389037843473,0.130819742342343,0.827904423732788,-0.0447832014971089,0.130819742342343,0.7321044069925,-0.0447832014971089,0.224951849618216,0.842200905488971,528,FALSE,1356.85811512677,"Independents","bandwidth",NA,NA
0.0272601918094231,0.10956501745946,0.803512557774332,-0.00388357671516937,0.10956501745946,0.971724577321428,-0.00388357671516937,0.197941614494881,0.984346661393495,650,FALSE,1356.85811512677,"Independents","bandwidth",NA,NA
0.0125560970469827,0.0980453249209735,0.89809815933021,0.0220300217601479,0.0980453249209735,0.822218717066258,0.0220300217601479,0.179039314625362,0.902070891995935,771,FALSE,1356.85811512677,"Independents","bandwidth",NA,NA
-0.0107153619735098,0.0880437128173375,0.903132636114181,0.0496261038268692,0.0880437128173375,0.57299030208273,0.0496261038268692,0.153789289697169,0.746930824359718,893,FALSE,1356.85811512677,"Independents","bandwidth",NA,NA
-0.028908286949692,0.080576122790229,0.719767237171327,0.0501321681229161,0.080576122790229,0.53382909638541,0.0501321681229161,0.137774502790652,0.715954221649215,1014,FALSE,1356.85811512677,"Independents","bandwidth",NA,NA
-0.0330396809588265,0.0746101282523273,0.65788794730272,0.0278137821812653,0.0746101282523273,0.70930601834883,0.0278137821812653,0.12659308466048,0.826096920411743,1135,FALSE,1356.85811512677,"Independents","bandwidth",NA,NA
-0.0329576295660692,0.0699574067864701,0.637562228686342,0.00869912126821137,0.0699574067864701,0.90103909124026,0.00869912126821137,0.116902243179045,0.940681256907614,1257,FALSE,1356.85811512677,"Independents","bandwidth",NA,NA
-0.0346175239526657,0.0662208212152606,0.601142041093789,-0.00290279444168662,0.0662208212152606,0.965035870820387,-0.00290279444168662,0.108523967618331,0.978660762480288,1378,FALSE,1356.85811512677,"Independents","bandwidth",NA,NA
-0.0349779336371557,0.0632424284122056,0.580210673787117,-0.0117672541171714,0.0632424284122056,0.852393147789002,-0.0117672541171714,0.10211714652647,0.90826052827312,1500,FALSE,1356.85811512677,"Independents","bandwidth",NA,NA
-0.0331822178891844,0.0608952602519432,0.585817884748244,-0.0236107081080548,0.0608952602519432,0.698218418675109,-0.0236107081080548,0.0968365053243478,0.807369978966735,1621,FALSE,1356.85811512677,"Independents","bandwidth",NA,NA
-0.0293737315219837,0.0590990513411018,0.619171117208059,-0.0313752819520844,0.0590990513411018,0.595492819898785,-0.0313752819520844,0.0924735125878669,0.734391732440429,1742,FALSE,1356.85811512677,"Independents","bandwidth",NA,NA
-0.0254825291071916,0.0575154580591421,0.657725728770891,-0.0378359221840544,0.0575154580591421,0.510641470706065,-0.0378359221840544,0.0883283529054273,0.668392429729805,1864,FALSE,1356.85811512677,"Independents","bandwidth",NA,NA
-0.0233378715303335,0.0561941557170587,0.677916587425043,-0.0403132877523446,0.0561941557170587,0.473131705664269,-0.0403132877523446,0.0848439675687906,0.634682779353998,1985,FALSE,1356.85811512677,"Independents","bandwidth",NA,NA
-0.0200982863124529,0.0550436805079382,0.715011828614055,-0.0442250275628391,0.0550436805079382,0.421712770085541,-0.0442250275628391,0.0818924884439826,0.589171063260684,2107,FALSE,1356.85811512677,"Independents","bandwidth",NA,NA
-0.0175075817077835,0.0539231388017836,0.745425841723078,-0.0440250945201206,0.0539231388017836,0.414247603574335,-0.0440250945201206,0.0788775770306011,0.576745640115137,2228,FALSE,1356.85811512677,"Independents","bandwidth",NA,NA
-0.0172640870550068,0.0525301941818255,0.742419693439829,-0.0380731666928613,0.0525301941818255,0.468583122903266,-0.0380731666928613,0.0754939940488003,0.614036193850005,2350,FALSE,1356.85811512677,"Independents","bandwidth",NA,NA
-0.0193309478999456,0.0512513827325486,0.70604054747489,-0.0302327317755681,0.0512513827325486,0.555263697407224,-0.0302327317755681,0.0731536888830037,0.679403732123953,2471,FALSE,1356.85811512677,"Independents","bandwidth",NA,NA
-0.0222903753612409,0.0500554891955795,0.656093353579432,-0.0236201617849592,0.0500554891955795,0.637012764613526,-0.0236201617849592,0.0713032941935564,0.740445639261052,2592,FALSE,1356.85811512677,"Independents","bandwidth",NA,NA
-0.0236939909965687,0.0491345020677649,0.629644590569529,-0.0211798669015651,0.0491345020677649,0.666425507187947,-0.0211798669015651,0.070106767757956,0.762569174044086,2714,FALSE,1356.85811512677,"Independents","bandwidth",NA,NA
0.0781584507395411,0.111155967029903,0.48196713816414,0.028368949033426,0.111155967029903,0.798555108406575,0.028368949033426,0.16804800341966,0.865942508856534,407,TRUE,1356.85811512677,"Independents","bandwidth",NA,NA
0.0751165724767606,0.0975538836511208,0.441299393675773,0.0495783697365674,0.0975538836511208,0.611302408948538,0.0495783697365674,0.143731287077397,0.730141049765481,528,TRUE,1356.85811512677,"Independents","bandwidth",NA,NA
0.0615622287482462,0.086613555032116,0.477227401886509,0.0742032614404298,0.086613555032116,0.391601583989683,0.0742032614404298,0.131781510908894,0.573381813667037,650,TRUE,1356.85811512677,"Independents","bandwidth",NA,NA
0.0475474544306706,0.0811319852221646,0.557841463749748,0.0892427200651651,0.0811319852221646,0.271345352848306,0.0892427200651651,0.121897344021374,0.464099149924885,771,TRUE,1356.85811512677,"Independents","bandwidth",NA,NA
0.0146864026785767,0.0754556409954098,0.84567772572448,0.0887697138745072,0.0754556409954098,0.239415498347302,0.0887697138745072,0.110521673349983,0.421865912489594,893,TRUE,1356.85811512677,"Independents","bandwidth",NA,NA
-0.00813930440009654,0.0703523235918058,0.907895482121789,0.0734421684172143,0.0703523235918058,0.296522596327938,0.0734421684172143,0.103332982974019,0.477249661542432,1014,TRUE,1356.85811512677,"Independents","bandwidth",NA,NA
-0.0162466286857141,0.0661826985645464,0.80608362423909,0.052936717819039,0.0661826985645464,0.42379345150119,0.052936717819039,0.0997750861256584,0.595723386260382,1135,TRUE,1356.85811512677,"Independents","bandwidth",NA,NA
-0.01563297793365,0.0629560326159345,0.803890071087379,0.0308879484330608,0.0629560326159345,0.623690072594978,0.0308879484330608,0.0956880193129852,0.746847854371715,1257,TRUE,1356.85811512677,"Independents","bandwidth",NA,NA
-0.0139876249059978,0.0605189082278347,0.81721522594556,0.0144177499900779,0.0605189082278347,0.811698474994194,0.0144177499900779,0.0918592831003332,0.875280517338892,1378,TRUE,1356.85811512677,"Independents","bandwidth",NA,NA
-0.0121140221050512,0.058568429419774,0.836138440984259,0.00567582086888948,0.058568429419774,0.922798485996812,0.00567582086888948,0.088690746342547,0.948973700313182,1500,TRUE,1356.85811512677,"Independents","bandwidth",NA,NA
-0.0125311938780794,0.0570192758091001,0.826049361132517,-0.00107001009583434,0.0570192758091001,0.985027967863946,-0.00107001009583434,0.085777491569268,0.990047244576249,1621,TRUE,1356.85811512677,"Independents","bandwidth",NA,NA
-0.0101819103678759,0.0559159846320848,0.855509728358305,-0.00422504530257244,0.0559159846320848,0.939768684108612,-0.00422504530257244,0.0834544511213881,0.959622778020798,1742,TRUE,1356.85811512677,"Independents","bandwidth",NA,NA
-0.00668695370917315,0.054897079206692,0.903050352597569,-0.0100028368515245,0.054897079206692,0.85541735299756,-0.0100028368515245,0.0807838227796195,0.901455993346062,1864,TRUE,1356.85811512677,"Independents","bandwidth",NA,NA
-0.00536923546532933,0.0540145407993347,0.920817888365496,-0.0123450142424656,0.0540145407993347,0.819218820463275,-0.0123450142424656,0.0783990242388582,0.874879275359458,1985,TRUE,1356.85811512677,"Independents","bandwidth",NA,NA
-0.00293477410274646,0.0531892836223724,0.95599821623146,-0.0160026719897058,0.0531892836223724,0.763519187030661,-0.0160026719897058,0.0763433995547199,0.833968679642828,2107,TRUE,1356.85811512677,"Independents","bandwidth",NA,NA
-0.000568191552949767,0.0523413428457276,0.991338732649513,-0.0163231311958036,0.0523413428457276,0.755147503418261,-0.0163231311958036,0.0742607615661798,0.826020461133312,2228,TRUE,1356.85811512677,"Independents","bandwidth",NA,NA
-0.00125660283513763,0.0511742716536243,0.980409623431348,-0.0114783958295336,0.0511742716536243,0.822523774375549,-0.0114783958295336,0.0716881197148702,0.872789907993217,2350,TRUE,1356.85811512677,"Independents","bandwidth",NA,NA
-0.0040650666358468,0.0500804702340973,0.935306203626513,-0.0051763100593362,0.0500804702340973,0.917677373820788,-0.0051763100593362,0.069906681632038,0.940973783999856,2471,TRUE,1356.85811512677,"Independents","bandwidth",NA,NA
-0.00721286613121834,0.0490778404669165,0.8831573736226,-0.000411895000192697,0.0490778404669165,0.99330368247453,-0.000411895000192697,0.068503572905066,0.995202546857911,2592,TRUE,1356.85811512677,"Independents","bandwidth",NA,NA
-0.00888566889221099,0.0483078480145673,0.854061769797196,0.00184249198975751,0.0483078480145673,0.969575552969603,0.00184249198975751,0.0676517880317716,0.978272352639062,2714,TRUE,1356.85811512677,"Independents","bandwidth",NA,NA
0.065538944421322,0.0721964776858367,0.36399134970612,0.0716284752578968,0.0721964776858367,0.321132871753625,0.0716284752578968,0.088749551658141,0.41961723203629,NA,FALSE,NA,"Independents","cutoffs",-730,NA
0.0528245925725721,0.0516261893807383,0.306207106855512,0.0538718464762761,0.0516261893807383,0.296717517342526,0.0538718464762761,0.0599915684746672,0.369190721681597,NA,FALSE,NA,"Independents","cutoffs",-365,NA
-0.032480644268221,0.070294618899201,0.644035104355626,-0.035483695195885,0.070294618899201,0.613709592618764,-0.035483695195885,0.0900163622586867,0.693439575990689,NA,FALSE,NA,"Independents","cutoffs",0,NA
-0.0994936764835344,0.0751096859052527,0.185288893996434,-0.127353090134885,0.0751096859052527,0.089968958050224,-0.127353090134885,0.097262723410889,0.190408359287104,NA,FALSE,NA,"Independents","cutoffs",365,NA
0.14785097996401,0.0857602133482966,0.0847070597826673,0.204093894538182,0.0857602133482966,0.0173210836789149,0.204093894538182,0.104734888765341,0.0513346654162026,NA,FALSE,NA,"Independents","cutoffs",730,NA
0.0517980951023469,0.0747293673847692,0.48822017420559,0.0559709838642319,0.0747293673847692,0.453867789851058,0.0559709838642319,0.093058397692362,0.547533073718771,NA,TRUE,NA,"Independents","cutoffs",-730,NA
0.0462563850986978,0.0480231207085199,0.33544178204168,0.0513364862399449,0.0480231207085199,0.285071825605343,0.0513364862399449,0.0565304124451927,0.363814001617151,NA,TRUE,NA,"Independents","cutoffs",-365,NA
-0.0148571493090047,0.0609250385522305,0.807339638318482,-0.0142938563881516,0.0609250385522305,0.814508477524147,-0.0142938563881516,0.0780225690323936,0.854639870116867,NA,TRUE,NA,"Independents","cutoffs",0,NA
-0.108481257107156,0.0694837631251507,0.118465685789987,-0.141334556208838,0.0694837631251507,0.0419449471334779,-0.141334556208838,0.0909456937505963,0.120171439235198,NA,TRUE,NA,"Independents","cutoffs",365,NA
0.0996958093580169,0.0745674605191284,0.181226512503297,0.149314183488791,0.0745674605191284,0.0452412953511858,0.149314183488791,0.095544847068832,0.11810777947828,NA,TRUE,NA,"Independents","cutoffs",730,NA
-0.032480644268221,0.070294618899201,0.644035104355626,-0.035483695195885,0.070294618899201,0.613709592618764,-0.035483695195885,0.0900163622586867,0.693439575990689,NA,FALSE,NA,"Independents","polynomial",NA,1
-0.0406124393547025,0.0857863801889624,0.635918126628872,-0.0376601161996627,0.0857863801889624,0.660662420696629,-0.0376601161996627,0.106115925467381,0.722667514293237,NA,FALSE,NA,"Independents","polynomial",NA,2
0.0275564755868574,0.131160120121398,0.833591206231863,0.0548557599103101,0.131160120121398,0.675775268872294,0.0548557599103101,0.152787737915972,0.719570794128715,NA,FALSE,NA,"Independents","polynomial",NA,3
-0.0148571493090047,0.0609250385522305,0.807339638318482,-0.0142938563881516,0.0609250385522305,0.814508477524147,-0.0142938563881516,0.0780225690323936,0.854639870116867,NA,TRUE,NA,"Independents","polynomial",NA,1
-0.0175697527407028,0.075422372167023,0.815799087568934,-0.028932228697912,0.075422372167023,0.701272908123266,-0.028932228697912,0.0913789727297705,0.751533466725139,NA,TRUE,NA,"Independents","polynomial",NA,2
0.0225802133247231,0.103850592362238,0.827873411128808,0.0579842940596005,0.103850592362238,0.57660990630292,0.0579842940596005,0.118628411778922,0.624990899700228,NA,TRUE,NA,"Independents","polynomial",NA,3
-0.0613097237226043,0.126902479733196,0.629007189948396,0.248070447007551,0.126902479733196,0.0506053044674557,0.248070447007551,0.234861364441799,0.290857647899386,314,FALSE,1047.18569446224,"Partisans","bandwidth",NA,NA
-0.083027063296352,0.104171064468076,0.425435839578912,0.0288188199645001,0.104171064468076,0.782049642209137,0.0288188199645001,0.179999177437176,0.872798136474438,408,FALSE,1047.18569446224,"Partisans","bandwidth",NA,NA
-0.0531435259517806,0.0928745789274507,0.567181441095931,-0.0772103267355446,0.0928745789274507,0.405781740167458,-0.0772103267355446,0.155380374619282,0.619251317591276,502,FALSE,1047.18569446224,"Partisans","bandwidth",NA,NA
-0.0388884826737491,0.083915539546893,0.643060413497936,-0.0851224077372572,0.083915539546893,0.310400538898008,-0.0851224077372572,0.137122260661783,0.534746060147856,595,FALSE,1047.18569446224,"Partisans","bandwidth",NA,NA
-0.0210056672248998,0.076148394822172,0.782661941906018,-0.083993910355428,0.076148394822172,0.270014442941321,-0.083993910355428,0.122068115082628,0.491395792460397,689,FALSE,1047.18569446224,"Partisans","bandwidth",NA,NA
0.00280425493771785,0.0709443282260149,0.968469795059533,-0.0941935540747229,0.0709443282260149,0.184273648991676,-0.0941935540747229,0.113209894105376,0.405394375052445,783,FALSE,1047.18569446224,"Partisans","bandwidth",NA,NA
0.0199524135102824,0.0665901346797837,0.76445926702066,-0.0852215438327969,0.0665901346797837,0.200618180947307,-0.0852215438327969,0.10499239124211,0.416968059034848,876,FALSE,1047.18569446224,"Partisans","bandwidth",NA,NA
0.0262861309689801,0.0632516836861617,0.67771740737906,-0.0644842149825328,0.0632516836861617,0.30797222886666,-0.0644842149825328,0.099359783138692,0.516340225491073,970,FALSE,1047.18569446224,"Partisans","bandwidth",NA,NA
0.028507205087342,0.0610197434901393,0.640371085973733,-0.0487735881286394,0.0610197434901393,0.424111660746817,-0.0487735881286394,0.0955464958234716,0.609722458508228,1064,FALSE,1047.18569446224,"Partisans","bandwidth",NA,NA
0.0345702361652057,0.0586050925093868,0.555268080984606,-0.0360288950679849,0.0586050925093868,0.538703892726087,-0.0360288950679849,0.0897709545160117,0.688168012005142,1157,FALSE,1047.18569446224,"Partisans","bandwidth",NA,NA
0.0407570251422253,0.0559961334486227,0.466702795791012,-0.0219512206152108,0.0559961334486227,0.695048498194617,-0.0219512206152108,0.0846524542169678,0.795396130768202,1251,FALSE,1047.18569446224,"Partisans","bandwidth",NA,NA
0.0469156270746888,0.0535839516533338,0.38127270555355,-0.0134408720635636,0.0535839516533338,0.801939637884242,-0.0134408720635636,0.0810128841759026,0.868227540191075,1345,FALSE,1047.18569446224,"Partisans","bandwidth",NA,NA
0.0529334224519458,0.051706264821119,0.305961286615165,-0.00975802065239695,0.051706264821119,0.850312057911099,-0.00975802065239695,0.0784904164069917,0.90106098356317,1439,FALSE,1047.18569446224,"Partisans","bandwidth",NA,NA
0.0561409743777515,0.0499770648009506,0.261295343859527,-0.00161925565095922,0.0499770648009506,0.974153082412595,-0.00161925565095922,0.075884272726946,0.982975641752974,1532,FALSE,1047.18569446224,"Partisans","bandwidth",NA,NA
0.0566674410664552,0.0482495593624586,0.240208637802884,0.00935912272508466,0.0482495593624586,0.846196845587748,0.00935912272508466,0.0732740282186236,0.898364472189551,1626,FALSE,1047.18569446224,"Partisans","bandwidth",NA,NA
0.0563665501446888,0.0468552450560675,0.228978878007075,0.0184829544192259,0.0468552450560675,0.693234609055802,0.0184829544192259,0.0712372822659018,0.795283273934294,1720,FALSE,1047.18569446224,"Partisans","bandwidth",NA,NA
0.0567188022227023,0.0456124836980303,0.213686234752454,0.0261619532161754,0.0456124836980303,0.566258803590411,0.0261619532161754,0.0692348660486121,0.705525298366584,1813,FALSE,1047.18569446224,"Partisans","bandwidth",NA,NA
0.057358982671264,0.0445565736614058,0.197979536070132,0.0326194213696426,0.0445565736614058,0.464113645815292,0.0326194213696426,0.0675032588262701,0.628934312634561,1907,FALSE,1047.18569446224,"Partisans","bandwidth",NA,NA
0.0585994299343764,0.0434483140209868,0.177428251341595,0.0370707620480524,0.0434483140209868,0.393539974288374,0.0370707620480524,0.0655252517868078,0.571565287958503,2001,FALSE,1047.18569446224,"Partisans","bandwidth",NA,NA
0.0592930262550475,0.0424417058199205,0.162399661454293,0.0405042698437839,0.0424417058199205,0.339906173974175,0.0405042698437839,0.0637911731597162,0.525460366605211,2094,FALSE,1047.18569446224,"Partisans","bandwidth",NA,NA
0.0746909110810886,0.0834061770308334,0.370515512409539,0.220680350846331,0.0834061770308334,0.00814856019967477,0.220680350846331,0.126027033378749,0.0799363218846918,314,TRUE,1047.18569446224,"Partisans","bandwidth",NA,NA
0.072814965306987,0.0757180717112185,0.336220922715635,0.10009143481163,0.0757180717112185,0.186202702384088,0.10009143481163,0.125026438749178,0.423385169271926,408,TRUE,1047.18569446224,"Partisans","bandwidth",NA,NA
0.0908617172480947,0.0724456278798042,0.209767259540816,0.0776592777184087,0.0724456278798042,0.283735131491315,0.0776592777184087,0.121775584406118,0.523653012600118,502,TRUE,1047.18569446224,"Partisans","bandwidth",NA,NA
0.0838664978815066,0.0687348752304,0.222410002986332,0.0813710871722786,0.0687348752304,0.236476448173243,0.0813710871722786,0.110835545459862,0.46285088194792,595,TRUE,1047.18569446224,"Partisans","bandwidth",NA,NA
0.0832062739980701,0.0645026175327761,0.197061976309774,0.0815057188829358,0.0645026175327761,0.2063724568476,0.0815057188829358,0.102444210774952,0.426258296402061,689,TRUE,1047.18569446224,"Partisans","bandwidth",NA,NA
0.0934877808823364,0.0616854029642053,0.129631256778486,0.0713699079845369,0.0616854029642053,0.247273044170751,0.0713699079845369,0.0982526876433418,0.467598857736251,783,TRUE,1047.18569446224,"Partisans","bandwidth",NA,NA
0.0978088850092202,0.0585064085893075,0.0945709446259392,0.0686093818830523,0.0585064085893075,0.240923560456212,0.0686093818830523,0.0926201303511175,0.45883835602946,876,TRUE,1047.18569446224,"Partisans","bandwidth",NA,NA
0.0941329353799815,0.0559121343063991,0.0922615373278405,0.0760687139262157,0.0559121343063991,0.17367030949557,0.0760687139262157,0.0886133302214882,0.390652745365095,970,TRUE,1047.18569446224,"Partisans","bandwidth",NA,NA
0.0878952511311408,0.0542060000451908,0.104909572131881,0.0825619611978847,0.0542060000451908,0.127729985440882,0.0825619611978847,0.0858558049306849,0.336232900513788,1064,TRUE,1047.18569446224,"Partisans","bandwidth",NA,NA
0.083516834728567,0.0522725971463107,0.110105898513024,0.0871746482831771,0.0522725971463107,0.0953766707829905,0.0871746482831771,0.0812627393651443,0.283383053519516,1157,TRUE,1047.18569446224,"Partisans","bandwidth",NA,NA
0.0801154210155511,0.050102291518909,0.109812367849569,0.0901011516705525,0.050102291518909,0.0721225227287377,0.0901011516705525,0.0768615454511075,0.241095628848597,1251,TRUE,1047.18569446224,"Partisans","bandwidth",NA,NA
0.0773495419095925,0.0480551340918725,0.107485216980212,0.0897763245080529,0.0480551340918725,0.0617350019656431,0.0897763245080529,0.0734118510721622,0.221362467985234,1345,TRUE,1047.18569446224,"Partisans","bandwidth",NA,NA
0.0769815207642312,0.0465094923829444,0.0978882561682393,0.083500158132628,0.0465094923829444,0.0726002095871277,0.083500158132628,0.0709443983267127,0.239203375452155,1439,TRUE,1047.18569446224,"Partisans","bandwidth",NA,NA
0.0758994165646539,0.0450816523407072,0.0922592274525964,0.0818683351955833,0.0450816523407072,0.0693701865326522,0.0818683351955833,0.0683796935029433,0.231204869052851,1532,TRUE,1047.18569446224,"Partisans","bandwidth",NA,NA
0.072907384624959,0.0436317699406667,0.0947275763847896,0.0844282444514114,0.0436317699406667,0.0529881311913302,0.0844282444514114,0.0657961344738491,0.199429230846225,1626,TRUE,1047.18569446224,"Partisans","bandwidth",NA,NA
0.0702457315382667,0.0424624634724072,0.0980661989193136,0.0856282967030935,0.0424624634724072,0.0437409801363483,0.0856282967030935,0.0638664944190548,0.180005223556847,1720,TRUE,1047.18569446224,"Partisans","bandwidth",NA,NA
0.0679920258648066,0.0414258079703874,0.100735921188742,0.0870449548020194,0.0414258079703874,0.035621195579398,0.0870449548020194,0.0620682318452069,0.160793590441013,1813,TRUE,1047.18569446224,"Partisans","bandwidth",NA,NA
0.0661427435607484,0.0405150574843371,0.102564264238084,0.0885137952914915,0.0405150574843371,0.0289098556466544,0.0885137952914915,0.0604631998271071,0.143213513087261,1907,TRUE,1047.18569446224,"Partisans","bandwidth",NA,NA
0.0648535891533686,0.0395347573561387,0.100917961718603,0.0881698031724781,0.0395347573561387,0.0257351966627751,0.0881698031724781,0.0586425992717774,0.132707278138523,2001,TRUE,1047.18569446224,"Partisans","bandwidth",NA,NA
0.0640011538341122,0.0386629297713587,0.0978510417093439,0.0859470831778244,0.0386629297713587,0.0262168633542831,0.0859470831778244,0.0571110192403062,0.132346590210063,2094,TRUE,1047.18569446224,"Partisans","bandwidth",NA,NA
0.00137441962831752,0.0684486784926763,0.983979902333873,0.0299735538663504,0.0684486784926763,0.66146007242939,0.0299735538663504,0.0800098633478629,0.707940690160689,NA,FALSE,NA,"Partisans","cutoffs",-730,NA
-0.0730879268586209,0.0574238826653395,0.203096382949932,-0.0839955057660176,0.0574238826653395,0.143541894138655,-0.0839955057660176,0.0686117945672098,0.220871584551299,NA,FALSE,NA,"Partisans","cutoffs",-365,NA
-0.00232344223414305,0.0720868551250158,0.974287715041313,-0.0293160775271315,0.0720868551250158,0.684245117640297,-0.0293160775271315,0.0871083765563061,0.736458288007466,NA,FALSE,NA,"Partisans","cutoffs",0,NA
0.035900907399926,0.0517057046732037,0.48747424490536,0.0171484949589609,0.0517057046732037,0.740149207313238,0.0171484949589609,0.0607225611530029,0.777631212891375,NA,FALSE,NA,"Partisans","cutoffs",365,NA
-0.00507186883579014,0.0472804393676206,0.914573171200595,-0.0125101603925548,0.0472804393676206,0.791321593910155,-0.0125101603925548,0.0585975330173523,0.830942484714511,NA,FALSE,NA,"Partisans","cutoffs",730,NA
0.00733460786975623,0.0611505159602861,0.904527892755464,0.030671507763657,0.0611505159602861,0.615967225248348,0.030671507763657,0.0729815030813345,0.674292512091813,NA,TRUE,NA,"Partisans","cutoffs",-730,NA
-0.0404375273925969,0.0514497474821951,0.431889966607767,-0.0419143802368838,0.0514497474821951,0.415263294855757,-0.0419143802368838,0.0618831745109731,0.498206342356427,NA,TRUE,NA,"Partisans","cutoffs",-365,NA
0.0890998986829622,0.0544989442157986,0.102071648370082,0.0952361369752538,0.0544989442157986,0.0805530873667976,0.0952361369752538,0.0672572691645786,0.15677618426673,NA,TRUE,NA,"Partisans","cutoffs",0,NA
-0.0155712832959905,0.0486605920000081,0.748969984122835,-0.0360525637489484,0.0486605920000081,0.458754933637469,-0.0360525637489484,0.057257978661784,0.528922716976468,NA,TRUE,NA,"Partisans","cutoffs",365,NA
-0.00129794468170492,0.0442889431502928,0.976620309104246,-0.0139490412543955,0.0442889431502928,0.75279552678872,-0.0139490412543955,0.055300305132353,0.800854272010171,NA,TRUE,NA,"Partisans","cutoffs",730,NA
-0.00232344223414305,0.0720868551250158,0.974287715041313,-0.0293160775271315,0.0720868551250158,0.684245117640297,-0.0293160775271315,0.0871083765563061,0.736458288007466,NA,FALSE,NA,"Partisans","polynomial",NA,1
-0.0383721678811717,0.0912150497681792,0.673990202644819,-0.0655041544482328,0.0912150497681792,0.47267787242269,-0.0655041544482328,0.104256371330969,0.529808208499681,NA,FALSE,NA,"Partisans","polynomial",NA,2
-0.0730032298996586,0.110389101784864,0.508402999359359,-0.0891669589135105,0.110389101784864,0.419233669088474,-0.0891669589135105,0.124716674386702,0.474636111776823,NA,FALSE,NA,"Partisans","polynomial",NA,3
0.0890998986829622,0.0544989442157986,0.102071648370082,0.0952361369752538,0.0544989442157986,0.0805530873667976,0.0952361369752538,0.0672572691645786,0.15677618426673,NA,TRUE,NA,"Partisans","polynomial",NA,1
0.0907912719495321,0.0736473478307039,0.217656362822871,0.0847924829293493,0.0736473478307039,0.249596042058176,0.0847924829293493,0.0868995785698352,0.329187117927329,NA,TRUE,NA,"Partisans","polynomial",NA,2
0.0715067074677265,0.097703637138241,0.464245753425221,0.0672913536286115,0.097703637138241,0.490993659838257,0.0672913536286115,0.111116623341039,0.544785623531328,NA,TRUE,NA,"Partisans","polynomial",NA,3
0.0398068255431314,0.148139443312681,0.788151423411028,0.358635206634799,0.148139443312681,0.0154808625714228,0.358635206634799,0.137056796918715,0.0088786827937874,383,FALSE,1277.0378914639,"Democrats","bandwidth",NA,NA
0.0567792411512174,0.135016770049559,0.674094862607572,0.123899969378617,0.135016770049559,0.358795032709883,0.123899969378617,0.166411087473878,0.45654891266543,497,FALSE,1277.0378914639,"Democrats","bandwidth",NA,NA
0.0595264429894377,0.127421602917185,0.640384472018175,0.0846560763028225,0.127421602917185,0.506448577623183,0.0846560763028225,0.165544830064238,0.60908600694665,612,FALSE,1277.0378914639,"Democrats","bandwidth",NA,NA
0.0708792581556066,0.11152054022557,0.525055860635987,0.0613116327225769,0.11152054022557,0.582471076918713,0.0613116327225769,0.158343694428631,0.698603689054665,726,FALSE,1277.0378914639,"Democrats","bandwidth",NA,NA
0.084493765964337,0.101776565863471,0.406432041684593,0.0456584445900481,0.101776565863471,0.653709762158165,0.0456584445900481,0.152007731844705,0.763895535484725,840,FALSE,1277.0378914639,"Democrats","bandwidth",NA,NA
0.0943053894835363,0.0933367103988793,0.312314066437099,0.0475110609474308,0.0933367103988793,0.610732132862717,0.0475110609474308,0.145125746868692,0.743381565252369,954,FALSE,1277.0378914639,"Democrats","bandwidth",NA,NA
0.0945409236619766,0.088542974640166,0.28563756553099,0.0569465872717647,0.088542974640166,0.520125504742906,0.0569465872717647,0.140982916677673,0.686267544975368,1069,FALSE,1277.0378914639,"Democrats","bandwidth",NA,NA
0.0941582581150601,0.0834493048815192,0.259181064252943,0.0707988491609899,0.0834493048815192,0.396212181164457,0.0707988491609899,0.131752758350026,0.591017987865846,1183,FALSE,1277.0378914639,"Democrats","bandwidth",NA,NA
0.0903296677941823,0.0774110235873555,0.243257307161971,0.088454073560445,0.0774110235873555,0.253181965455646,0.088454073560445,0.122473852338815,0.470154169962726,1297,FALSE,1277.0378914639,"Democrats","bandwidth",NA,NA
0.0898256938318265,0.0734563470158144,0.22138841415994,0.0897130167259921,0.0734563470158144,0.221968433882372,0.0897130167259921,0.117987294597406,0.447038426363266,1411,FALSE,1277.0378914639,"Democrats","bandwidth",NA,NA
0.0866213681114496,0.0704946781610649,0.219160061183454,0.0922084921977046,0.0704946781610649,0.190866317585207,0.0922084921977046,0.113693701490909,0.417351021410376,1526,FALSE,1277.0378914639,"Democrats","bandwidth",NA,NA
0.0848301933054217,0.067602423326721,0.209537018245158,0.0929362742332649,0.067602423326721,0.16920968548648,0.0929362742332649,0.108512182670874,0.391743744350192,1640,FALSE,1277.0378914639,"Democrats","bandwidth",NA,NA
0.0854499461150536,0.065121548706682,0.189465871306225,0.0904582029969808,0.065121548706682,0.16481233676043,0.0904582029969808,0.104010180880219,0.384461488619,1754,FALSE,1277.0378914639,"Democrats","bandwidth",NA,NA
0.0862597821243584,0.0627219930379927,0.169047226120737,0.0907106571002962,0.0627219930379927,0.148111677727393,0.0907106571002962,0.0996409737908502,0.362624747944254,1869,FALSE,1277.0378914639,"Democrats","bandwidth",NA,NA
0.0874034665352774,0.0601848466809892,0.146431998636818,0.0912336468274385,0.0601848466809892,0.129547002954297,0.0912336468274385,0.0951063258541841,0.337417440264993,1983,FALSE,1277.0378914639,"Democrats","bandwidth",NA,NA
0.0871885872009354,0.0578868770319502,0.132018619117263,0.0928033805038048,0.0578868770319502,0.108893787363072,0.0928033805038048,0.0915292654154581,0.310620782687582,2097,FALSE,1277.0378914639,"Democrats","bandwidth",NA,NA
0.0875078354649117,0.0560276587989691,0.118318970299128,0.0926719583083878,0.0560276587989691,0.0981194960880221,0.0926719583083878,0.0889531837986342,0.297501643767308,2211,FALSE,1277.0378914639,"Democrats","bandwidth",NA,NA
0.0883533251526871,0.054631935843115,0.105825011013716,0.089868568527124,0.054631935843115,0.0999734572887449,0.089868568527124,0.0870001736026989,0.301617942488875,2326,FALSE,1277.0378914639,"Democrats","bandwidth",NA,NA
0.089855268171881,0.0531985485094497,0.0912089126670365,0.0857694808059496,0.0531985485094497,0.106907054238454,0.0857694808059496,0.0845134359328926,0.310171579439534,2440,FALSE,1277.0378914639,"Democrats","bandwidth",NA,NA
0.0900740703488992,0.0516507462118218,0.0811754007695518,0.0857601109487146,0.0516507462118218,0.0968370775454375,0.0857601109487146,0.0816133969036848,0.293346214690997,2554,FALSE,1277.0378914639,"Democrats","bandwidth",NA,NA
0.276566028815708,0.131497385152599,0.0354478063167179,0.393866036156809,0.131497385152599,0.00274230289399905,0.393866036156809,0.154109589869579,0.0105958322922095,383,TRUE,1277.0378914639,"Democrats","bandwidth",NA,NA
0.24994069812154,0.115273538050145,0.0301404295676019,0.314415199184022,0.115273538050145,0.00638051430346845,0.314415199184022,0.159928468056268,0.0493016218893021,497,TRUE,1277.0378914639,"Democrats","bandwidth",NA,NA
0.203781408129013,0.107665479763194,0.0583941250250127,0.300905517244163,0.107665479763194,0.00519287968683973,0.300905517244163,0.146714573823183,0.0402709784107528,612,TRUE,1277.0378914639,"Democrats","bandwidth",NA,NA
0.1723108260259,0.0944372257717589,0.0680603518180323,0.267211307753114,0.0944372257717589,0.00466189835432191,0.267211307753114,0.137716051369819,0.0523424888357317,726,TRUE,1277.0378914639,"Democrats","bandwidth",NA,NA
0.158213213846984,0.0864888720621197,0.0673562017670079,0.235333060776841,0.0864888720621197,0.0065091955671642,0.235333060776841,0.130960240798618,0.0723386406261987,840,TRUE,1277.0378914639,"Democrats","bandwidth",NA,NA
0.144466112301723,0.0797465669858536,0.0700533930948205,0.219822162313565,0.0797465669858536,0.00584219316637257,0.219822162313565,0.124401389897652,0.0772216234500941,954,TRUE,1277.0378914639,"Democrats","bandwidth",NA,NA
0.129357719994392,0.0757876092200656,0.0878508213361969,0.212491037530732,0.0757876092200656,0.00505088962626514,0.212491037530732,0.120337293558089,0.0774301831600818,1069,TRUE,1277.0378914639,"Democrats","bandwidth",NA,NA
0.113756395651504,0.0717277300384902,0.112751277865924,0.20243801494848,0.0717277300384902,0.00476788051519261,0.20243801494848,0.112435780037993,0.0717853815506378,1183,TRUE,1277.0378914639,"Democrats","bandwidth",NA,NA
0.0934839246971057,0.0670644476070294,0.163335234893714,0.196960147790379,0.0670644476070294,0.00331533752499047,0.196960147790379,0.104731442155696,0.0600234951978619,1297,TRUE,1277.0378914639,"Democrats","bandwidth",NA,NA
0.0803259452289727,0.0641096419370081,0.210225213057498,0.184281407652348,0.0641096419370081,0.00404702913407302,0.184281407652348,0.100969671635846,0.067983459799561,1411,TRUE,1277.0378914639,"Democrats","bandwidth",NA,NA
0.0723305474018578,0.061885368548105,0.24249119704822,0.167148612122884,0.061885368548105,0.00691439963632718,0.167148612122884,0.097358124888414,0.0860078676684362,1526,TRUE,1277.0378914639,"Democrats","bandwidth",NA,NA
0.0673032729264758,0.0596937562818504,0.259541314913367,0.15066462601119,0.0596937562818504,0.0116041281337482,0.15066462601119,0.093161990481214,0.105828040333521,1640,TRUE,1277.0378914639,"Democrats","bandwidth",NA,NA
0.0658188878244752,0.0578930397273932,0.255577990915684,0.134429169083444,0.0578930397273932,0.0202315118596421,0.134429169083444,0.0898739105642633,0.134718039859571,1754,TRUE,1277.0378914639,"Democrats","bandwidth",NA,NA
0.0645683335678354,0.0560878064239873,0.249649592602139,0.123061433317986,0.0560878064239873,0.0282292756335595,0.123061433317986,0.0864457798480505,0.154571606860122,1869,TRUE,1277.0378914639,"Democrats","bandwidth",NA,NA
0.0635881966480532,0.0540736334831488,0.239612585410591,0.114217941959913,0.0540736334831488,0.0346635698896481,0.114217941959913,0.0827465603958443,0.167483640415073,1983,TRUE,1277.0378914639,"Democrats","bandwidth",NA,NA
0.0619070244984228,0.052264973190981,0.236221526252343,0.107828697460109,0.052264973190981,0.0391016173998055,0.107828697460109,0.0800533092517456,0.177992745434421,2097,TRUE,1277.0378914639,"Democrats","bandwidth",NA,NA
0.0616226793033219,0.0507781145644824,0.224912850517184,0.101748477263426,0.0507781145644824,0.045092984533095,0.101748477263426,0.0781418802649393,0.192882487622543,2211,TRUE,1277.0378914639,"Democrats","bandwidth",NA,NA
0.0624307678696961,0.0496512561413184,0.208614089293006,0.0938868514081625,0.0496512561413184,0.0586342225090566,0.0938868514081625,0.0766929588517419,0.220880078192471,2326,TRUE,1277.0378914639,"Democrats","bandwidth",NA,NA
0.063264513540032,0.0484411688896941,0.191550121773539,0.0860523458603555,0.0484411688896941,0.0756620693347956,0.0860523458603555,0.0747316061317436,0.249532639640595,2440,TRUE,1277.0378914639,"Democrats","bandwidth",NA,NA
0.0629388569697352,0.0470807076381467,0.18127844923048,0.0817359414950234,0.0470807076381467,0.0825494401675465,0.0817359414950234,0.0723897762781852,0.258851892491443,2554,TRUE,1277.0378914639,"Democrats","bandwidth",NA,NA
-0.0276654407574217,0.0704207303727059,0.694423383389991,-0.00906953844587854,0.0704207303727059,0.897523227635109,-0.00906953844587854,0.0848543957717486,0.914881369301449,NA,FALSE,NA,"Democrats","cutoffs",-730,NA
-0.109661653205064,0.0645581974911421,0.0893855261731093,-0.131608837385344,0.0645581974911421,0.0414891978645898,-0.131608837385344,0.0736296960129585,0.0738660208339163,NA,FALSE,NA,"Democrats","cutoffs",-365,NA
0.0897100264769298,0.0733204174249509,0.221128055773051,0.0935937771735084,0.0733204174249509,0.201777553216868,0.0935937771735084,0.0927104170996489,0.312721401491834,NA,FALSE,NA,"Democrats","cutoffs",0,NA
0.0454674751069469,0.0598352469104096,0.447327639454649,0.0251665747180622,0.0598352469104096,0.674048782119073,0.0251665747180622,0.0712591650520206,0.723961255932693,NA,FALSE,NA,"Democrats","cutoffs",365,NA
-0.0130263874012406,0.0544070336305971,0.810776283375372,-0.0318650893812861,0.0544070336305971,0.558090849348621,-0.0318650893812861,0.0659081091015619,0.62875671502982,NA,FALSE,NA,"Democrats","cutoffs",730,NA
0.0285171162231549,0.0531667993503874,0.591702340197304,0.0498232379592895,0.0531667993503874,0.348701024015485,0.0498232379592895,0.0647577785594797,0.441668690071254,NA,TRUE,NA,"Democrats","cutoffs",-730,NA
-0.0711179506560168,0.0561797979406332,0.205549240511132,-0.0770173540361306,0.0561797979406332,0.170403528401252,-0.0770173540361306,0.0667778800224575,0.248772370240471,NA,TRUE,NA,"Democrats","cutoffs",-365,NA
0.0967451921650459,0.0677724413596977,0.15343568864963,0.125842026618131,0.0677724413596977,0.0633350830305955,0.125842026618131,0.0834738251431618,0.131666480928419,NA,TRUE,NA,"Democrats","cutoffs",0,NA
-0.0224957897105272,0.0611046299656896,0.712759923713746,-0.0476727918349389,0.0611046299656896,0.435283183453066,-0.0476727918349389,0.0728007292971411,0.51257110776362,NA,TRUE,NA,"Democrats","cutoffs",365,NA
0.00997448842411129,0.0491891063173468,0.839308239147684,-0.0123966554156377,0.0491891063173468,0.801025340234621,-0.0123966554156377,0.0598570556039157,0.835928380311385,NA,TRUE,NA,"Democrats","cutoffs",730,NA
0.0897100264769298,0.0733204174249509,0.221128055773051,0.0935937771735084,0.0733204174249509,0.201777553216868,0.0935937771735084,0.0927104170996489,0.312721401491834,NA,FALSE,NA,"Democrats","polynomial",NA,1
0.0904614413635408,0.100362491234758,0.367403793447567,0.0919677827218023,0.100362491234758,0.359480143980358,0.0919677827218023,0.121283245851193,0.44827783551079,NA,FALSE,NA,"Democrats","polynomial",NA,2
0.0895811934357094,0.12394435067668,0.469831438483139,0.0836135238667,0.12394435067668,0.49992652382675,0.0836135238667,0.143264208293262,0.559468172850074,NA,FALSE,NA,"Democrats","polynomial",NA,3
0.0967451921650459,0.0677724413596977,0.15343568864963,0.125842026618131,0.0677724413596977,0.0633350830305955,0.125842026618131,0.0834738251431618,0.131666480928419,NA,TRUE,NA,"Democrats","polynomial",NA,1
0.145630419280136,0.0911037621001744,0.109929168920951,0.18222595198949,0.0911037621001744,0.0454784265343,0.18222595198949,0.105726996505649,0.0847887916483413,NA,TRUE,NA,"Democrats","polynomial",NA,2
0.185654891828813,0.110292492122349,0.0923178376942636,0.21833684966643,0.110292492122349,0.0477466248383052,0.21833684966643,0.125352631425113,0.0815467475175358,NA,TRUE,NA,"Democrats","polynomial",NA,3
-0.278667691915953,0.280151760595028,0.319880916950622,-0.736353986490544,0.280151760595028,0.00857847843174643,-0.736353986490544,0.575217943722702,0.200499272548693,251,FALSE,835.87401500291,"Republicans","bandwidth",NA,NA
-0.202712670238303,0.225186681675372,0.3680147254751,-0.491372137897522,0.225186681675372,0.0291046829889914,-0.491372137897522,0.448267376420943,0.273009375450434,326,FALSE,835.87401500291,"Republicans","bandwidth",NA,NA
-0.199356254701346,0.204489923895557,0.329612224422485,-0.314160778423826,0.204489923895557,0.124461332976664,-0.314160778423826,0.376733887422304,0.404333762490321,400,FALSE,835.87401500291,"Republicans","bandwidth",NA,NA
-0.206538015223182,0.192645919663556,0.28366969929609,-0.241173414898236,0.192645919663556,0.210606327343419,-0.241173414898236,0.319778049402327,0.450735126706729,475,FALSE,835.87401500291,"Republicans","bandwidth",NA,NA
-0.130519699084407,0.154919358221561,0.399507634858028,-0.295683090280505,0.154919358221561,0.0563103760271044,-0.295683090280505,0.265852154157373,0.26604840950634,550,FALSE,835.87401500291,"Republicans","bandwidth",NA,NA
-0.087385650992962,0.131586386741873,0.506630533950014,-0.283600509159799,0.131586386741873,0.0311429007642749,-0.283600509159799,0.253477782324422,0.263209367896203,625,FALSE,835.87401500291,"Republicans","bandwidth",NA,NA
-0.0419137442133908,0.117540835954436,0.721399672415546,-0.280406139769649,0.117540835954436,0.0170510013340658,-0.280406139769649,0.233635956851711,0.23006788365701,699,FALSE,835.87401500291,"Republicans","bandwidth",NA,NA
-0.0112106037618308,0.109842912196809,0.918708789371643,-0.266872280289378,0.109842912196809,0.0151162762150259,-0.266872280289378,0.218130816621458,0.221159548562616,774,FALSE,835.87401500291,"Republicans","bandwidth",NA,NA
0.0145054209580441,0.102318917907642,0.887264244528784,-0.229039619301774,0.102318917907642,0.0251892813122816,-0.229039619301774,0.194575332450399,0.239145349192667,849,FALSE,835.87401500291,"Republicans","bandwidth",NA,NA
0.0313272119167159,0.0960784775869999,0.744380034737574,-0.185636013878989,0.0960784775869999,0.0533435843888883,-0.185636013878989,0.178442846911849,0.298195546259468,924,FALSE,835.87401500291,"Republicans","bandwidth",NA,NA
0.0329291275454094,0.0919593153689487,0.720280712304007,-0.139432060224828,0.0919593153689487,0.129459589920326,-0.139432060224828,0.167872687397526,0.40620971324224,999,FALSE,835.87401500291,"Republicans","bandwidth",NA,NA
0.0374439579166872,0.0887375562498059,0.673052086296756,-0.110218383655864,0.0887375562498059,0.214210207448843,-0.110218383655864,0.158580802439804,0.487036625404813,1073,FALSE,835.87401500291,"Republicans","bandwidth",NA,NA
0.0485527247461616,0.0851600403388234,0.568586097056897,-0.0906902752261268,0.0851600403388234,0.286903391276456,-0.0906902752261268,0.14696350037496,0.537172811600643,1148,FALSE,835.87401500291,"Republicans","bandwidth",NA,NA
0.0600630720699458,0.0823433177623531,0.465743233636428,-0.0807302086808905,0.0823433177623531,0.326883796424167,-0.0807302086808905,0.139532150063853,0.562874067130721,1223,FALSE,835.87401500291,"Republicans","bandwidth",NA,NA
0.0721430086927707,0.0796098429165589,0.364826220391349,-0.0715671517983666,0.0796098429165589,0.368666691208366,-0.0715671517983666,0.132256634318394,0.58842257129081,1298,FALSE,835.87401500291,"Republicans","bandwidth",NA,NA
0.0819745245504778,0.0770549154595198,0.287398698484718,-0.0560847678028811,0.0770549154595198,0.466702651689057,-0.0560847678028811,0.126251901320909,0.656876959214531,1373,FALSE,835.87401500291,"Republicans","bandwidth",NA,NA
0.0904440080988892,0.0748212865726918,0.226739502143805,-0.0430385196132573,0.0748212865726918,0.565144152714531,-0.0430385196132573,0.121377494933683,0.72290125240228,1447,FALSE,835.87401500291,"Republicans","bandwidth",NA,NA
0.09628610622761,0.0726693030730566,0.185174439094361,-0.0260517760466452,0.0726693030730566,0.71997090903694,-0.0260517760466452,0.116540005634121,0.823112429301717,1522,FALSE,835.87401500291,"Republicans","bandwidth",NA,NA
0.0978315175811701,0.0698195856121038,0.161152928894936,0.00012025910618696,0.0698195856121038,0.998625703148528,0.00012025910618696,0.11025757589367,0.999129739028636,1597,FALSE,835.87401500291,"Republicans","bandwidth",NA,NA
0.0968874830633768,0.0675271188457268,0.151345900605458,0.0187553798216812,0.0675271188457268,0.781207429724203,0.0187553798216812,0.106559872519706,0.860287732827485,1672,FALSE,835.87401500291,"Republicans","bandwidth",NA,NA
-0.0236076645386674,0.168190425462118,0.888373416301923,-0.163822748183331,0.168190425462118,0.330040970534404,-0.163822748183331,0.345237881674673,0.635128171742457,251,TRUE,835.87401500291,"Republicans","bandwidth",NA,NA
-0.0289673763851415,0.129338044061693,0.822783446392049,-0.110201748643757,0.129338044061693,0.394189481649807,-0.110201748643757,0.267511964171169,0.680375537332383,326,TRUE,835.87401500291,"Republicans","bandwidth",NA,NA
-0.0890532946323329,0.121868496943569,0.464942443925537,-0.070238330951987,0.121868496943569,0.564381834190123,-0.070238330951987,0.227292739704213,0.757305213615507,400,TRUE,835.87401500291,"Republicans","bandwidth",NA,NA
-0.100683234302966,0.123792819386677,0.416034342549347,-0.0667829529425619,0.123792819386677,0.589560136192367,-0.0667829529425619,0.203156836012614,0.742362730162828,475,TRUE,835.87401500291,"Republicans","bandwidth",NA,NA
-0.0191420552810708,0.100241823926313,0.848557896376279,-0.14538366067859,0.100241823926313,0.146966694505524,-0.14538366067859,0.170322961066592,0.39333973699525,550,TRUE,835.87401500291,"Republicans","bandwidth",NA,NA
0.0219371941450131,0.0840628598618249,0.794121975823281,-0.131845263648044,0.0840628598618249,0.116784830703407,-0.131845263648044,0.168186776710101,0.433086056881436,625,TRUE,835.87401500291,"Republicans","bandwidth",NA,NA
0.0627574336912863,0.0766656406413343,0.413022556118715,-0.125790144567646,0.0766656406413343,0.100846626878864,-0.125790144567646,0.158739947672319,0.428110551390118,699,TRUE,835.87401500291,"Republicans","bandwidth",NA,NA
0.0937238463985245,0.0742369662001465,0.20677049300363,-0.101287346198667,0.0742369662001465,0.172448362499494,-0.101287346198667,0.151329286404289,0.503292938254126,774,TRUE,835.87401500291,"Republicans","bandwidth",NA,NA
0.113606823148609,0.0709069277219176,0.109112189593941,-0.0581723905166259,0.0709069277219176,0.41198532650819,-0.0581723905166259,0.136205481338685,0.669311682859618,849,TRUE,835.87401500291,"Republicans","bandwidth",NA,NA
0.123966416144232,0.0681175321962182,0.0687757570252874,-0.0215880632877501,0.0681175321962182,0.751301465451237,-0.0215880632877501,0.126962807792032,0.864982969024132,924,TRUE,835.87401500291,"Republicans","bandwidth",NA,NA
0.120582866948856,0.06658610363798,0.0701514688030118,0.0173270168768011,0.06658610363798,0.794694297999217,0.0173270168768011,0.121084862371202,0.886212685048007,999,TRUE,835.87401500291,"Republicans","bandwidth",NA,NA
0.118561564656887,0.0653120096765771,0.0694762351866785,0.0451009266868583,0.0653120096765771,0.48985108850857,0.0451009266868583,0.115554545216124,0.696314802068994,1073,TRUE,835.87401500291,"Republicans","bandwidth",NA,NA
0.122510941889998,0.0634568780265456,0.0535304058736696,0.0603754698933639,0.0634568780265456,0.341380600336338,0.0603754698933639,0.107594350996053,0.574702255093325,1148,TRUE,835.87401500291,"Republicans","bandwidth",NA,NA
0.129187546311395,0.062083630782588,0.0374464239053182,0.0635401395521127,0.062083630782588,0.306090199185424,0.0635401395521127,0.102931326694259,0.537032820366935,1223,TRUE,835.87401500291,"Republicans","bandwidth",NA,NA
0.13725074652277,0.0607111531614208,0.0237767763874944,0.0635468943824938,0.0607111531614208,0.295233933375583,0.0635468943824938,0.0981130293972191,0.517185035735396,1298,TRUE,835.87401500291,"Republicans","bandwidth",NA,NA
0.144235157731407,0.0594422217849803,0.0152462352430011,0.0653471306148663,0.0594422217849803,0.271620388845959,0.0653471306148663,0.094451924503548,0.489027765179378,1373,TRUE,835.87401500291,"Republicans","bandwidth",NA,NA
0.149750039339761,0.0583386274480893,0.0102609072537357,0.0688641088118642,0.0583386274480893,0.23783303275361,0.0688641088118642,0.0915592363022275,0.451975114625482,1447,TRUE,835.87401500291,"Republicans","bandwidth",NA,NA
0.153225945214923,0.0573177480946386,0.00751152626949529,0.0773887699984154,0.0573177480946386,0.176961089231451,0.0773887699984154,0.0884391121937312,0.381545932567907,1522,TRUE,835.87401500291,"Republicans","bandwidth",NA,NA
0.151402806067046,0.0557656212459581,0.00662788410380794,0.096677385152828,0.0557656212459581,0.0829823811590672,0.096677385152828,0.0838686406280686,0.249023735043437,1597,TRUE,835.87401500291,"Republicans","bandwidth",NA,NA
0.145734965282413,0.0547088021246475,0.00772565232406796,0.112224296790779,0.0547088021246475,0.0402375074600924,0.112224296790779,0.0817385905499029,0.169762950721987,1672,TRUE,835.87401500291,"Republicans","bandwidth",NA,NA
-0.0324455222981542,0.0937346016848146,0.729235681555809,0.00373007180400398,0.0937346016848146,0.968257384717742,0.00373007180400398,0.112460232424924,0.97354068150626,NA,FALSE,NA,"Republicans","cutoffs",-730,NA
0.0254854479800759,0.095957013621259,0.790553184033225,0.0231902140866497,0.095957013621259,0.809033594887553,0.0231902140866497,0.118465918798494,0.844802474129697,NA,FALSE,NA,"Republicans","cutoffs",-365,NA
-0.025405762376004,0.113279532743658,0.82254336103589,-0.0739017441968238,0.113279532743658,0.514153543119623,-0.0739017441968238,0.134731512200182,0.58334093713236,NA,FALSE,NA,"Republicans","cutoffs",0,NA
0.054062017940669,0.07007061559799,0.440389161792134,0.046432742803906,0.07007061559799,0.507550631137476,0.046432742803906,0.0877239678371648,0.596593824328354,NA,FALSE,NA,"Republicans","cutoffs",365,NA
-0.0313045298720864,0.0764220742314023,0.682079732825862,-0.0402678128787657,0.0764220742314023,0.598253746959184,-0.0402678128787657,0.0946014974319457,0.670357619927271,NA,FALSE,NA,"Republicans","cutoffs",730,NA
-0.0488446574982083,0.0844078824201449,0.562809078365446,-0.0290203002232408,0.0844078824201449,0.73098894611054,-0.0290203002232408,0.101151909213131,0.774190272229605,NA,TRUE,NA,"Republicans","cutoffs",-730,NA
-0.00534617238789794,0.0991948905489856,0.957018308169863,-0.0109235779474349,0.0991948905489856,0.912312315297694,-0.0109235779474349,0.122292514373628,0.928824931880401,NA,TRUE,NA,"Republicans","cutoffs",-365,NA
0.110298190677622,0.0715429560086914,0.123145100348619,0.0782324449592198,0.0715429560086914,0.274172963866037,0.0782324449592198,0.0874884655285812,0.371213308092015,NA,TRUE,NA,"Republicans","cutoffs",0,NA
0.0257550081536196,0.0615950103312743,0.675848671498558,0.0211669528916839,0.0615950103312743,0.731111622899792,0.0211669528916839,0.0768087351321422,0.782870656084088,NA,TRUE,NA,"Republicans","cutoffs",365,NA
-0.037565099154342,0.0665882666660086,0.57265891476667,-0.0205439132513058,0.0665882666660086,0.757685527699246,-0.0205439132513058,0.0825500214691316,0.803464252311386,NA,TRUE,NA,"Republicans","cutoffs",730,NA
-0.025405762376004,0.113279532743658,0.82254336103589,-0.0739017441968238,0.113279532743658,0.514153543119623,-0.0739017441968238,0.134731512200182,0.58334093713236,NA,FALSE,NA,"Republicans","polynomial",NA,1
-0.0967365063947982,0.150997481465646,0.521750235925957,-0.150108427716395,0.150997481465646,0.320168281226956,-0.150108427716395,0.170191096511209,0.377777186678322,NA,FALSE,NA,"Republicans","polynomial",NA,2
-0.176712798170625,0.172362014763086,0.305248956584106,-0.231684286211734,0.172362014763086,0.178892601004817,-0.231684286211734,0.192807827518606,0.229505673656668,NA,FALSE,NA,"Republicans","polynomial",NA,3
0.110298190677622,0.0715429560086914,0.123145100348619,0.0782324449592198,0.0715429560086914,0.274172963866037,0.0782324449592198,0.0874884655285812,0.371213308092015,NA,TRUE,NA,"Republicans","polynomial",NA,1
0.0629856876746106,0.0920968369350256,0.494033782323379,0.0313517417506102,0.0920968369350256,0.733539143131681,0.0313517417506102,0.10751871950792,0.77059757373236,NA,TRUE,NA,"Republicans","polynomial",NA,2
-0.0148076527947527,0.123280027696305,0.904392870895005,-0.0486824530487001,0.123280027696305,0.692921658252627,-0.0486824530487001,0.139441063789268,0.726994975300408,NA,TRUE,NA,"Republicans","polynomial",NA,3
0.0725901104296187,0.105420381612496,0.491089138830723,0.271531124806696,0.105420381612496,0.0100037817572928,0.271531124806696,0.183437244730322,0.13880924157426,324,FALSE,1080.87761619229,"Expect In-Party Win","bandwidth",NA,NA
0.0517617269907691,0.0895189375006024,0.563114941925416,0.132104791855539,0.0895189375006024,0.140019358397023,0.132104791855539,0.151302736382534,0.382600027084177,421,FALSE,1080.87761619229,"Expect In-Party Win","bandwidth",NA,NA
0.0683368347514447,0.0822024706198459,0.405790976858196,0.0677065512303036,0.0822024706198459,0.410135094723338,0.0677065512303036,0.128105332866253,0.597136732344372,518,FALSE,1080.87761619229,"Expect In-Party Win","bandwidth",NA,NA
0.0703109860444426,0.0750215337710832,0.348650174118043,0.065081581660567,0.0750215337710832,0.385665183547934,0.065081581660567,0.115086496522118,0.571732732386524,614,FALSE,1080.87761619229,"Expect In-Party Win","bandwidth",NA,NA
0.0815795938676908,0.0677755353350419,0.228715923938266,0.0539829279076697,0.0677755353350419,0.425743927133962,0.0539829279076697,0.105384969992371,0.608479526376392,711,FALSE,1080.87761619229,"Expect In-Party Win","bandwidth",NA,NA
0.0975129423187873,0.0639677089312954,0.127406607941371,0.0437878990380531,0.0639677089312954,0.493639730779851,0.0437878990380531,0.0991986159742787,0.658911549023083,808,FALSE,1080.87761619229,"Expect In-Party Win","bandwidth",NA,NA
0.103474550298635,0.0607969464182617,0.0887610803699636,0.0528690287442829,0.0607969464182617,0.384519000569231,0.0528690287442829,0.0926682418410871,0.56832547515818,905,FALSE,1080.87761619229,"Expect In-Party Win","bandwidth",NA,NA
0.102804672372566,0.0588514386175602,0.0806632522779439,0.0657106764757377,0.0588514386175602,0.264186033893888,0.0657106764757377,0.0887812492317613,0.459214211429975,1001,FALSE,1080.87761619229,"Expect In-Party Win","bandwidth",NA,NA
0.101581700807743,0.0570940011195753,0.075206823334538,0.0781375761494641,0.0570940011195753,0.171131321853392,0.0781375761494641,0.0841046171222201,0.352862055785499,1098,FALSE,1080.87761619229,"Expect In-Party Win","bandwidth",NA,NA
0.103238420725655,0.0547055885286598,0.059138262234039,0.0830582577647894,0.0547055885286598,0.128944486904454,0.0830582577647894,0.0790450012023719,0.293363412954569,1195,FALSE,1080.87761619229,"Expect In-Party Win","bandwidth",NA,NA
0.103349726117202,0.0522456644911973,0.0479118631413685,0.0902732911502419,0.0522456644911973,0.0840129932140277,0.0902732911502419,0.0754369705107938,0.231434524111014,1291,FALSE,1080.87761619229,"Expect In-Party Win","bandwidth",NA,NA
0.10526658084607,0.0503434287396508,0.0365307859915664,0.0909242617080159,0.0503434287396508,0.0709058383741838,0.0909242617080159,0.0733853097448665,0.215346189759602,1388,FALSE,1080.87761619229,"Expect In-Party Win","bandwidth",NA,NA
0.105731425708125,0.0488019116891806,0.0302697402979325,0.0925513673086833,0.0488019116891806,0.0578979074672788,0.0925513673086833,0.071529518219941,0.195703230880734,1485,FALSE,1080.87761619229,"Expect In-Party Win","bandwidth",NA,NA
0.101959841663986,0.047335479704924,0.0312414668744859,0.0997794087958952,0.047335479704924,0.0350379018581031,0.0997794087958952,0.0694435015105887,0.150762610113244,1581,FALSE,1080.87761619229,"Expect In-Party Win","bandwidth",NA,NA
0.0980514038264036,0.0460483319872052,0.0332282079535168,0.106003560942608,0.0460483319872052,0.0213348039122765,0.106003560942608,0.067474302147202,0.116177718292456,1678,FALSE,1080.87761619229,"Expect In-Party Win","bandwidth",NA,NA
0.0940863106852753,0.0449712551703833,0.0364256977961437,0.11144934178879,0.0449712551703833,0.0132034124063486,0.11144934178879,0.0656608776576642,0.089630937998894,1775,FALSE,1080.87761619229,"Expect In-Party Win","bandwidth",NA,NA
0.0900089816420482,0.0441315399558099,0.0413940384428099,0.117119636446051,0.0441315399558099,0.00795730531654817,0.117119636446051,0.0642453281369236,0.0683024402406283,1872,FALSE,1080.87761619229,"Expect In-Party Win","bandwidth",NA,NA
0.0870843186271854,0.0432616101907555,0.0441177972671642,0.11953946627005,0.0432616101907555,0.00572417970210884,0.11953946627005,0.0625792960366239,0.0561064491577397,1968,FALSE,1080.87761619229,"Expect In-Party Win","bandwidth",NA,NA
0.0849897162417348,0.0423806218983045,0.0449212668592929,0.118278603401237,0.0423806218983045,0.0052567357916356,0.118278603401237,0.0608921840643632,0.0520854670999073,2065,FALSE,1080.87761619229,"Expect In-Party Win","bandwidth",NA,NA
0.082514923898883,0.0415805210961917,0.0472044678112593,0.117652527333077,0.0415805210961917,0.0046619248183858,0.117652527333077,0.0594787224991379,0.0479218520450985,2162,FALSE,1080.87761619229,"Expect In-Party Win","bandwidth",NA,NA
0.134264186441511,0.0742640233136369,0.0706173314226488,0.28384193454051,0.0742640233136369,0.000132338719085748,0.28384193454051,0.123155045817174,0.021180422914625,324,TRUE,1080.87761619229,"Expect In-Party Win","bandwidth",NA,NA
0.133210350518638,0.0679916958186609,0.05008761285464,0.18488484686194,0.0679916958186609,0.00654347086997643,0.18488484686194,0.119233592187126,0.120995080748918,421,TRUE,1080.87761619229,"Expect In-Party Win","bandwidth",NA,NA
0.147119416424325,0.0678098293914121,0.0300380440928858,0.174645753810011,0.0678098293914121,0.0100088707761524,0.174645753810011,0.111630270704938,0.117699782449257,518,TRUE,1080.87761619229,"Expect In-Party Win","bandwidth",NA,NA
0.140707975661786,0.0638677240247287,0.0275866057755363,0.164278113008159,0.0638677240247287,0.0101065678287519,0.164278113008159,0.0996113309238411,0.0991085059376105,614,TRUE,1080.87761619229,"Expect In-Party Win","bandwidth",NA,NA
0.14058263521062,0.0595792902301317,0.0182951939749204,0.147194518597898,0.0595792902301317,0.013489974104788,0.147194518597898,0.092893789179443,0.113069432917929,711,TRUE,1080.87761619229,"Expect In-Party Win","bandwidth",NA,NA
0.149271798782054,0.0576490080065752,0.00961653477180907,0.137809799371794,0.0576490080065752,0.0168255717594281,0.137809799371794,0.0895306427538629,0.123743936285743,808,TRUE,1080.87761619229,"Expect In-Party Win","bandwidth",NA,NA
0.147627242644132,0.0552463115613062,0.0075363652555021,0.139051473365647,0.0552463115613062,0.0118380069380618,0.139051473365647,0.0847673209896488,0.100924084378718,905,TRUE,1080.87761619229,"Expect In-Party Win","bandwidth",NA,NA
0.138956650106907,0.0538749630901248,0.00990169535088638,0.148628396470316,0.0538749630901248,0.00580201299391184,0.148628396470316,0.0823677612686095,0.0711610006171013,1001,TRUE,1080.87761619229,"Expect In-Party Win","bandwidth",NA,NA
0.129176053908729,0.0525604330580166,0.0139842686039199,0.157093441300777,0.0525604330580166,0.00280061115180077,0.157093441300777,0.0789435601359857,0.0465968570132837,1098,TRUE,1080.87761619229,"Expect In-Party Win","bandwidth",NA,NA
0.122960087357906,0.0504839139319675,0.0148659207896449,0.15374802359482,0.0504839139319675,0.00232305044904836,0.15374802359482,0.0746021779582637,0.0393120760194818,1195,TRUE,1080.87761619229,"Expect In-Party Win","bandwidth",NA,NA
0.116636247430072,0.0482206435002347,0.0155716617121771,0.15205097756938,0.0482206435002347,0.00161472256716454,0.15205097756938,0.0710799149835987,0.0324230921872664,1291,TRUE,1080.87761619229,"Expect In-Party Win","bandwidth",NA,NA
0.113792721540325,0.0464714849994209,0.0143389970590865,0.144592061146199,0.0464714849994209,0.00186193263263916,0.144592061146199,0.0688421126809321,0.0356986643401451,1388,TRUE,1080.87761619229,"Expect In-Party Win","bandwidth",NA,NA
0.111349966630098,0.045075631136779,0.0135002840164679,0.139649369440623,0.045075631136779,0.00194757580675765,0.139649369440623,0.0667878760160281,0.0365335395332597,1485,TRUE,1080.87761619229,"Expect In-Party Win","bandwidth",NA,NA
0.106366221651309,0.0437568964143615,0.0150636678747312,0.140256972120192,0.0437568964143615,0.00134889723282259,0.140256972120192,0.0644994253252057,0.0296641491540734,1581,TRUE,1080.87761619229,"Expect In-Party Win","bandwidth",NA,NA
0.1010670675624,0.0426310675920912,0.0177526377112869,0.140726618752025,0.0426310675920912,0.000963290861426697,0.140726618752025,0.0624667170574884,0.0242701479817253,1678,TRUE,1080.87761619229,"Expect In-Party Win","bandwidth",NA,NA
0.0960436861625148,0.0417093904739498,0.0212964399858185,0.141092809445643,0.0417093904739498,0.000717616170054054,0.141092809445643,0.0607081267722691,0.0201192065210579,1775,TRUE,1080.87761619229,"Expect In-Party Win","bandwidth",NA,NA
0.0907546127545829,0.0409864815958105,0.0268110897438159,0.14299025052822,0.0409864815958105,0.00048534401438142,0.14299025052822,0.0592966841627954,0.0158897729952753,1872,TRUE,1080.87761619229,"Expect In-Party Win","bandwidth",NA,NA
0.0866787943867461,0.0402256430187951,0.0311763617972813,0.141439192117524,0.0402256430187951,0.000437861840330572,0.141439192117524,0.0576600451727089,0.0141676477174784,1968,TRUE,1080.87761619229,"Expect In-Party Win","bandwidth",NA,NA
0.0842335708329623,0.0394663042898863,0.0328169097155261,0.135781091316309,0.0394663042898863,0.000580788799218518,0.135781091316309,0.0560669062012873,0.0154451681433605,2065,TRUE,1080.87761619229,"Expect In-Party Win","bandwidth",NA,NA
0.0819876352583933,0.0387714966373846,0.0344609109877378,0.1308744372085,0.0387714966373846,0.000736730574013644,0.1308744372085,0.0547509303579703,0.0168318622293716,2162,TRUE,1080.87761619229,"Expect In-Party Win","bandwidth",NA,NA
0.0122880352868192,0.0708978307299098,0.862399645947577,0.0394652147528102,0.0708978307299098,0.577767189452494,0.0394652147528102,0.0824183623759049,0.632052405223361,NA,FALSE,NA,"Expect In-Party Win","cutoffs",-730,NA
-0.0722457985075388,0.0621380755588272,0.244965232473701,-0.0827684958125481,0.0621380755588272,0.182857125731849,-0.0827684958125481,0.0741192521197199,0.264125347543643,NA,FALSE,NA,"Expect In-Party Win","cutoffs",-365,NA
0.103280273989381,0.0592936887764445,0.0815359873156485,0.0960639861910962,0.0592936887764445,0.10520253529244,0.0960639861910962,0.072978565877709,0.188062797573432,NA,FALSE,NA,"Expect In-Party Win","cutoffs",0,NA
0.0321420310265383,0.0564714135857794,0.569238415729497,0.0211345436872348,0.0564714135857794,0.708216784391851,0.0211345436872348,0.0689138064806066,0.759086319040782,NA,FALSE,NA,"Expect In-Party Win","cutoffs",365,NA
-0.00489788697064075,0.0532671036846546,0.92673811167837,-0.00971508238774721,0.0532671036846546,0.855281161138424,-0.00971508238774721,0.0665076975405123,0.883862532325566,NA,FALSE,NA,"Expect In-Party Win","cutoffs",730,NA
0.0283167952286023,0.0640499251028797,0.658413191489876,0.0506689723565528,0.0640499251028797,0.428894051413115,0.0506689723565528,0.075890909995144,0.504353615113752,NA,TRUE,NA,"Expect In-Party Win","cutoffs",-730,NA
-0.0456821093212373,0.0529687561889121,0.388448186593699,-0.0527169780503613,0.0529687561889121,0.319616309847312,-0.0527169780503613,0.0625236294404766,0.399142949116078,NA,TRUE,NA,"Expect In-Party Win","cutoffs",-365,NA
0.130558533624456,0.0528958560875622,0.013578738419962,0.146220433930285,0.0528958560875622,0.00570436807624299,0.146220433930285,0.0642871161543178,0.0229365126147847,NA,TRUE,NA,"Expect In-Party Win","cutoffs",0,NA
-0.0063983734564655,0.0552122784827323,0.907742269016722,-0.0220417886902642,0.0552122784827323,0.689731870073672,-0.0220417886902642,0.0662218696853325,0.739249344658397,NA,TRUE,NA,"Expect In-Party Win","cutoffs",365,NA
0.00551109924339729,0.0519564396925681,0.915525596525386,-0.000843980303387983,0.0519564396925681,0.987039734743643,-0.000843980303387983,0.0653627414057943,0.989697798356312,NA,TRUE,NA,"Expect In-Party Win","cutoffs",730,NA
0.103280273989381,0.0592936887764445,0.0815359873156485,0.0960639861910962,0.0592936887764445,0.10520253529244,0.0960639861910962,0.072978565877709,0.188062797573432,NA,FALSE,NA,"Expect In-Party Win","polynomial",NA,1
0.090478671467112,0.0752408761741811,0.229162054902759,0.0701418592307032,0.0752408761741811,0.351217281612631,0.0701418592307032,0.0869624678138365,0.419910674386773,NA,FALSE,NA,"Expect In-Party Win","polynomial",NA,2
0.0663100278025337,0.0865301355204296,0.443484172272008,0.0468856936145498,0.0865301355204296,0.587927101021622,0.0468856936145498,0.0967855473406275,0.628081678173164,NA,FALSE,NA,"Expect In-Party Win","polynomial",NA,3
0.130558533624456,0.0528958560875622,0.013578738419962,0.146220433930285,0.0528958560875622,0.00570436807624299,0.146220433930285,0.0642871161543178,0.0229365126147847,NA,TRUE,NA,"Expect In-Party Win","polynomial",NA,1
0.144019428725681,0.0684051692679202,0.0352575396094783,0.1436408412034,0.0684051692679202,0.0357417211710586,0.1436408412034,0.0797274260234147,0.0716006391917326,NA,TRUE,NA,"Expect In-Party Win","polynomial",NA,2
0.142499040079904,0.0787917067285563,0.070520352523471,0.136795183820797,0.0787917067285563,0.0825351567893782,0.136795183820797,0.0883341957034996,0.12147559584608,NA,TRUE,NA,"Expect In-Party Win","polynomial",NA,3
-0.380144887147948,0.233524795598952,0.103555289072069,-1.10372508418075,0.233524795598952,2.28566616910155e-06,-1.10372508418075,0.524830097219371,0.0354645386948558,731,FALSE,2437.93928305546,"Expect In-Party Loss","bandwidth",NA,NA
-0.258703498331346,0.206690946190728,0.210699586403153,-0.609042642225664,0.206690946190728,0.00321252828914529,-0.609042642225664,0.278935490456402,0.0290024378567319,950,FALSE,2437.93928305546,"Expect In-Party Loss","bandwidth",NA,NA
-0.200727607200158,0.192173596402222,0.296248619103049,-0.490965568197473,0.192173596402222,0.010624809014929,-0.490965568197473,0.273227897284153,0.0723501254199514,1168,FALSE,2437.93928305546,"Expect In-Party Loss","bandwidth",NA,NA
-0.155424487661226,0.176827681332358,0.379422875852957,-0.410435762268766,0.176827681332358,0.020281132752593,-0.410435762268766,0.250420278086645,0.101215815824649,1386,FALSE,2437.93928305546,"Expect In-Party Loss","bandwidth",NA,NA
-0.102151694826836,0.159737023816174,0.522498250667084,-0.333803672346937,0.159737023816174,0.0366440740710828,-0.333803672346937,0.231147143374838,0.148705880589596,1604,FALSE,2437.93928305546,"Expect In-Party Loss","bandwidth",NA,NA
-0.0682495169928988,0.147491991770788,0.643555250047209,-0.285840006757221,0.147491991770788,0.0526227868632417,-0.285840006757221,0.221274212257424,0.196429578643677,1822,FALSE,2437.93928305546,"Expect In-Party Loss","bandwidth",NA,NA
-0.035305634452486,0.137689971082604,0.797631188751252,-0.253167820043137,0.137689971082604,0.0659622411148628,-0.253167820043137,0.210081285106062,0.228166788253489,2040,FALSE,2437.93928305546,"Expect In-Party Loss","bandwidth",NA,NA
-0.0139491218587373,0.129771663996585,0.914400467903787,-0.214095987204149,0.129771663996585,0.098985904774467,-0.214095987204149,0.199884799419236,0.284125866029721,2258,FALSE,2437.93928305546,"Expect In-Party Loss","bandwidth",NA,NA
-0.00745275382345667,0.123573064843664,0.951908336181718,-0.173720350460151,0.123573064843664,0.159780311023819,-0.173720350460151,0.192124634199979,0.365885893744282,2476,FALSE,2437.93928305546,"Expect In-Party Loss","bandwidth",NA,NA
-0.0049582449421175,0.117939952645859,0.966466477448923,-0.145428247210407,0.117939952645859,0.217549554740236,-0.145428247210407,0.185245236443478,0.432419587416411,2695,FALSE,2437.93928305546,"Expect In-Party Loss","bandwidth",NA,NA
-0.00090064639602383,0.113026783262971,0.993642177290765,-0.125246195302647,0.113026783262971,0.267813982268696,-0.125246195302647,0.178020236824218,0.4817128566535,2913,FALSE,2437.93928305546,"Expect In-Party Loss","bandwidth",NA,NA
-0.00337468193476909,0.108729489995854,0.975239703887547,-0.101348206775261,0.108729489995854,0.35127796083368,-0.101348206775261,0.171913143549614,0.5555048134673,3131,FALSE,2437.93928305546,"Expect In-Party Loss","bandwidth",NA,NA
-0.0082602261371405,0.105039654221415,0.937319669370083,-0.0873538514112704,0.105039654221415,0.405619308002481,-0.0873538514112704,0.167454900287529,0.601909873769894,3349,FALSE,2437.93928305546,"Expect In-Party Loss","bandwidth",NA,NA
-0.0131307895681564,0.102224748932525,0.897792705347228,-0.0786233980317418,0.102224748932525,0.441820339301775,-0.0786233980317418,0.16427877804338,0.632225059760446,3567,FALSE,2437.93928305546,"Expect In-Party Loss","bandwidth",NA,NA
-0.014540543823271,0.0999116856580976,0.884289300541648,-0.079152576987286,0.0999116856580976,0.428229249936006,-0.079152576987286,0.161408108936833,0.623859466206231,3785,FALSE,2437.93928305546,"Expect In-Party Loss","bandwidth",NA,NA
-0.0150168020718328,0.0982301909712173,0.878497962143442,-0.0795964653978942,0.0982301909712173,0.417764606954152,-0.0795964653978942,0.159321088877867,0.617358307709025,4003,FALSE,2437.93928305546,"Expect In-Party Loss","bandwidth",NA,NA
-0.0135729031769469,0.0964597243570322,0.888098591411293,-0.0878442393705592,0.0964597243570322,0.362462378979533,-0.0878442393705592,0.15653272106024,0.574669579826563,4221,FALSE,2437.93928305546,"Expect In-Party Loss","bandwidth",NA,NA
-0.0109223176955957,0.0950178616480705,0.908484632505419,-0.0959068652924376,0.0950178616480705,0.312803848794481,-0.0959068652924376,0.154435375816713,0.534588985345516,4440,FALSE,2437.93928305546,"Expect In-Party Loss","bandwidth",NA,NA
-0.00789577444516565,0.0937447460011666,0.932876496695663,-0.10354567199412,0.0937447460011666,0.269355029988464,-0.10354567199412,0.152484135316506,0.497100697276752,4658,FALSE,2437.93928305546,"Expect In-Party Loss","bandwidth",NA,NA
-0.00503578867415122,0.092453986762515,0.956562260604577,-0.109922950247876,0.092453986762515,0.234460267955402,-0.109922950247876,0.150375389647675,0.464785081631955,4876,FALSE,2437.93928305546,"Expect In-Party Loss","bandwidth",NA,NA
0.151122020342594,0.17365117678066,0.384157240648436,0.050801347782115,0.17365117678066,0.769867474772178,0.050801347782115,0.387063564991802,0.895579066553151,731,TRUE,2437.93928305546,"Expect In-Party Loss","bandwidth",NA,NA
0.107104135112703,0.153026978692073,0.483987501570985,0.0604619421575904,0.153026978692073,0.692764348929309,0.0604619421575904,0.253139215673112,0.811222998945794,950,TRUE,2437.93928305546,"Expect In-Party Loss","bandwidth",NA,NA
0.0992243633967354,0.14364841871035,0.489726082839874,0.0378015959772872,0.14364841871035,0.792432206119822,0.0378015959772872,0.236596060500702,0.873060114773471,1168,TRUE,2437.93928305546,"Expect In-Party Loss","bandwidth",NA,NA
0.0894366318746435,0.133982742670773,0.504437791943026,0.0303790831964395,0.133982742670773,0.820626872679974,0.0303790831964395,0.210858370258728,0.885442506002204,1386,TRUE,2437.93928305546,"Expect In-Party Loss","bandwidth",NA,NA
0.0702060908590585,0.123343727629678,0.569226796248458,0.0408556238672266,0.123343727629678,0.740467816103484,0.0408556238672266,0.187150970953791,0.827193014457867,1604,TRUE,2437.93928305546,"Expect In-Party Loss","bandwidth",NA,NA
0.0581054311450018,0.115114810185752,0.61372692802962,0.0426693639424063,0.115114810185752,0.710884908399334,0.0426693639424063,0.176622776451824,0.809101963338484,1822,TRUE,2437.93928305546,"Expect In-Party Loss","bandwidth",NA,NA
0.0531265767209874,0.107258737078104,0.620379657203793,0.0417998614802157,0.107258737078104,0.696750593940592,0.0417998614802157,0.165157738034986,0.800198247186466,2040,TRUE,2437.93928305546,"Expect In-Party Loss","bandwidth",NA,NA
0.0424546470055086,0.101437742491159,0.675560315488855,0.0484743205271143,0.101437742491159,0.632740864773687,0.0484743205271143,0.156551809821665,0.756836589729622,2258,TRUE,2437.93928305546,"Expect In-Party Loss","bandwidth",NA,NA
0.0310471965018778,0.0971078302697415,0.749181526135025,0.0484636834942222,0.0971078302697415,0.61772950064375,0.0484636834942222,0.150208984593737,0.746966602385561,2476,TRUE,2437.93928305546,"Expect In-Party Loss","bandwidth",NA,NA
0.0245694454322878,0.0935874987520304,0.792913523562486,0.0367822878553648,0.0935874987520304,0.694300534138697,0.0367822878553648,0.145491285491218,0.800411661777851,2695,TRUE,2437.93928305546,"Expect In-Party Loss","bandwidth",NA,NA
0.0211376059733293,0.0906233560036275,0.81556978230607,0.0272802821862334,0.0906233560036275,0.763392179232808,0.0272802821862334,0.140333937655264,0.845866234346219,2913,TRUE,2437.93928305546,"Expect In-Party Loss","bandwidth",NA,NA
0.018559864605409,0.0879414827315392,0.832849899990346,0.0221466766998986,0.0879414827315392,0.801169188319687,0.0221466766998986,0.135784205972117,0.870438118517297,3131,TRUE,2437.93928305546,"Expect In-Party Loss","bandwidth",NA,NA
0.0163121994353299,0.0856798006598381,0.84900698835116,0.0153422165688285,0.0856798006598381,0.85788700223239,0.0153422165688285,0.132837928781152,0.9080521868215,3349,TRUE,2437.93928305546,"Expect In-Party Loss","bandwidth",NA,NA
0.0163803346093285,0.0840380254456521,0.845458905343535,0.00767352556856462,0.0840380254456521,0.927246145022973,0.00767352556856462,0.13094756924775,0.953270722785276,3567,TRUE,2437.93928305546,"Expect In-Party Loss","bandwidth",NA,NA
0.01738404501442,0.0827030831388953,0.833512929602364,-0.00164402443947425,0.0827030831388953,0.984140188227142,-0.00164402443947425,0.129439555076314,0.989866262673574,3785,TRUE,2437.93928305546,"Expect In-Party Loss","bandwidth",NA,NA
0.0186481143148577,0.0817429729039126,0.819544323286647,-0.00846208028891564,0.0817429729039126,0.917549813627729,-0.00846208028891564,0.128398868240367,0.947453752004684,4003,TRUE,2437.93928305546,"Expect In-Party Loss","bandwidth",NA,NA
0.0216533508562076,0.0806817150099451,0.788406907269432,-0.0189293217913235,0.0806817150099451,0.814505822636517,-0.0189293217913235,0.126941059722393,0.881459746692245,4221,TRUE,2437.93928305546,"Expect In-Party Loss","bandwidth",NA,NA
0.0248962122015446,0.0798080069424629,0.755077528106565,-0.0271909088996876,0.0798080069424629,0.733326411033098,-0.0271909088996876,0.125848280371767,0.828940176912991,4440,TRUE,2437.93928305546,"Expect In-Party Loss","bandwidth",NA,NA
0.0281253551390898,0.0790485385081258,0.721991437346107,-0.0350418247159071,0.0790485385081258,0.657552345910839,-0.0350418247159071,0.12485286851365,0.77896739061551,4658,TRUE,2437.93928305546,"Expect In-Party Loss","bandwidth",NA,NA
0.0300708313957905,0.0782876234292295,0.700899075087119,-0.0396560932988107,0.0782876234292295,0.612475101914538,-0.0396560932988107,0.123788379941986,0.748700049514001,4876,TRUE,2437.93928305546,"Expect In-Party Loss","bandwidth",NA,NA
-0.152899512971394,0.13632108957221,0.262027000812012,-0.144462092366766,0.13632108957221,0.289272310597536,-0.144462092366766,0.181065186379338,0.424959998965016,NA,FALSE,NA,"Expect In-Party Loss","cutoffs",-730,NA
-0.0575074600503105,0.137649190600158,0.6761059499572,-0.0971527756942256,0.137649190600158,0.480312626147223,-0.0971527756942256,0.188356936899941,0.606000526854567,NA,FALSE,NA,"Expect In-Party Loss","cutoffs",-365,NA
-0.0567578607224867,0.144300242606421,0.69407450286692,-0.154531344271119,0.144300242606421,0.284213727541206,-0.154531344271119,0.187901785627327,0.410846506493316,NA,FALSE,NA,"Expect In-Party Loss","cutoffs",0,NA
0.149926382834486,0.128064431340427,0.241715136895788,0.119117941432085,0.128064431340427,0.352298233722129,0.119117941432085,0.154748905035007,0.441448312525298,NA,FALSE,NA,"Expect In-Party Loss","cutoffs",365,NA
0.0363690353586074,0.0997217782290825,0.715331594203551,-0.00426220641304964,0.0997217782290825,0.965908013010901,-0.00426220641304964,0.125114571547074,0.972824180343336,NA,FALSE,NA,"Expect In-Party Loss","cutoffs",730,NA
-0.14160868251632,0.0907250694738118,0.118557955993692,-0.185960592343543,0.0907250694738118,0.0403921895085165,-0.185960592343543,0.119283669066627,0.119001633897683,NA,TRUE,NA,"Expect In-Party Loss","cutoffs",-730,NA
-0.0551500215850205,0.0944609347432503,0.559328323868031,-0.0767511542605146,0.0944609347432503,0.416494799418981,-0.0767511542605146,0.123243087093174,0.533440704573886,NA,TRUE,NA,"Expect In-Party Loss","cutoffs",-365,NA
0.0326235308743884,0.0977784894530527,0.738645706823472,0.0307633280836424,0.0977784894530527,0.753048174890305,0.0307633280836424,0.135909782982981,0.82092836201597,NA,TRUE,NA,"Expect In-Party Loss","cutoffs",0,NA
0.116081799363276,0.0944738619784649,0.219177298489084,0.11855312674582,0.0944738619784649,0.209523221473686,0.11855312674582,0.117345781545462,0.31235695398485,NA,TRUE,NA,"Expect In-Party Loss","cutoffs",365,NA
0.0344743951010889,0.0805693315148029,0.668734968699939,-0.00621313847361018,0.0805693315148029,0.938531719876205,-0.00621313847361018,0.0984172379803512,0.949662514171603,NA,TRUE,NA,"Expect In-Party Loss","cutoffs",730,NA
-0.0567578607224867,0.144300242606421,0.69407450286692,-0.154531344271119,0.144300242606421,0.284213727541206,-0.154531344271119,0.187901785627327,0.410846506493316,NA,FALSE,NA,"Expect In-Party Loss","polynomial",NA,1
-0.178504463778451,0.193016074284976,0.355061329909078,-0.282411069401157,0.193016074284976,0.143426905344122,-0.282411069401157,0.22568727495194,0.210811177114805,NA,FALSE,NA,"Expect In-Party Loss","polynomial",NA,2
-0.362942460817205,0.241826133079127,0.133396813896184,-0.475613828213483,0.241826133079127,0.0492109515205147,-0.475613828213483,0.273672627369615,0.0822296147283718,NA,FALSE,NA,"Expect In-Party Loss","polynomial",NA,3
0.0326235308743884,0.0977784894530527,0.738645706823472,0.0307633280836424,0.0977784894530527,0.753048174890305,0.0307633280836424,0.135909782982981,0.82092836201597,NA,TRUE,NA,"Expect In-Party Loss","polynomial",NA,1
0.0354890849789372,0.146260793333433,0.808282352344459,0.0312947801998642,0.146260793333433,0.830573873576568,0.0312947801998642,0.17602360346954,0.858889936799135,NA,TRUE,NA,"Expect In-Party Loss","polynomial",NA,2
-0.00758132091373644,0.184039762163382,0.967141293444557,-0.0878645562644849,0.184039762163382,0.633061941767583,-0.0878645562644849,0.223224147698413,0.693864698491581,NA,TRUE,NA,"Expect In-Party Loss","polynomial",NA,3
