"","Sample","Outcome","Running_Variable","Cutoff","Weighted","Model","Estimate Type","Estimate","SE","P-Value","Bandwidth Type","Bandwidth (h)","N_total","N_left_cutoff","N_right_cutoff","N_within_bw","N_left_bw","N_right_bw","Controls_Used","Reference_Category_Race"
"1","Full Sample","Liberal Democratic Norms Index: 1-factor principal-axis score of 7 ANES items (V201366, V201367, V201368, V201369, V201372x, V201375x, V201376), rescaled to [0, 1]; higher = stronger support for liberal democratic norms","days_from_cutoff: days between respondent date of birth and November 6, 1994; negative = born before cutoff (Control group)","November 6, 1994: born on/before this date = eligible to vote in 2012 presidential election (Control, treatment=0); born after = first eligible presidential election was 2016 (Treatment, treatment=1)","No — analyses are unweighted; ANES post-stratification weight V200010b available but not applied","Without Controls","Conventional",-0.0629,0.0692,0.3631,"MSE-optimal",659.71,5099,4704,395,279,160,119,"None",NA
"2","Full Sample","Liberal Democratic Norms Index: 1-factor principal-axis score of 7 ANES items (V201366, V201367, V201368, V201369, V201372x, V201375x, V201376), rescaled to [0, 1]; higher = stronger support for liberal democratic norms","days_from_cutoff: days between respondent date of birth and November 6, 1994; negative = born before cutoff (Control group)","November 6, 1994: born on/before this date = eligible to vote in 2012 presidential election (Control, treatment=0); born after = first eligible presidential election was 2016 (Treatment, treatment=1)","No — analyses are unweighted; ANES post-stratification weight V200010b available but not applied","Without Controls","Bias-Corrected",-0.0852,0.0692,0.2179,"MSE-optimal",659.71,5099,4704,395,279,160,119,"None",NA
"3","Full Sample","Liberal Democratic Norms Index: 1-factor principal-axis score of 7 ANES items (V201366, V201367, V201368, V201369, V201372x, V201375x, V201376), rescaled to [0, 1]; higher = stronger support for liberal democratic norms","days_from_cutoff: days between respondent date of birth and November 6, 1994; negative = born before cutoff (Control group)","November 6, 1994: born on/before this date = eligible to vote in 2012 presidential election (Control, treatment=0); born after = first eligible presidential election was 2016 (Treatment, treatment=1)","No — analyses are unweighted; ANES post-stratification weight V200010b available but not applied","Without Controls","Bias-Corrected (Robust SE)",-0.0852,0.0813,0.2945,"MSE-optimal",659.71,5099,4704,395,279,160,119,"None",NA
"4","Full Sample","Liberal Democratic Norms Index: 1-factor principal-axis score of 7 ANES items (V201366, V201367, V201368, V201369, V201372x, V201375x, V201376), rescaled to [0, 1]; higher = stronger support for liberal democratic norms","days_from_cutoff: days between respondent date of birth and November 6, 1994; negative = born before cutoff (Control group)","November 6, 1994: born on/before this date = eligible to vote in 2012 presidential election (Control, treatment=0); born after = first eligible presidential election was 2016 (Treatment, treatment=1)","No — analyses are unweighted; ANES post-stratification weight V200010b available but not applied","With Controls","Conventional",-0.0906,0.0592,0.126,"MSE-optimal",611.56,5099,4483,385,245,141,104,"education; sex; income; race_Black; race_Hispanic; race_Asian; race_Native; race_Other","White (omitted baseline; dummies included: race_Black, race_Hispanic, race_Asian, race_Native, race_Other)"
"5","Full Sample","Liberal Democratic Norms Index: 1-factor principal-axis score of 7 ANES items (V201366, V201367, V201368, V201369, V201372x, V201375x, V201376), rescaled to [0, 1]; higher = stronger support for liberal democratic norms","days_from_cutoff: days between respondent date of birth and November 6, 1994; negative = born before cutoff (Control group)","November 6, 1994: born on/before this date = eligible to vote in 2012 presidential election (Control, treatment=0); born after = first eligible presidential election was 2016 (Treatment, treatment=1)","No — analyses are unweighted; ANES post-stratification weight V200010b available but not applied","With Controls","Bias-Corrected",-0.1149,0.0592,0.0525,"MSE-optimal",611.56,5099,4483,385,245,141,104,"education; sex; income; race_Black; race_Hispanic; race_Asian; race_Native; race_Other","White (omitted baseline; dummies included: race_Black, race_Hispanic, race_Asian, race_Native, race_Other)"
"6","Full Sample","Liberal Democratic Norms Index: 1-factor principal-axis score of 7 ANES items (V201366, V201367, V201368, V201369, V201372x, V201375x, V201376), rescaled to [0, 1]; higher = stronger support for liberal democratic norms","days_from_cutoff: days between respondent date of birth and November 6, 1994; negative = born before cutoff (Control group)","November 6, 1994: born on/before this date = eligible to vote in 2012 presidential election (Control, treatment=0); born after = first eligible presidential election was 2016 (Treatment, treatment=1)","No — analyses are unweighted; ANES post-stratification weight V200010b available but not applied","With Controls","Bias-Corrected (Robust SE)",-0.1149,0.0682,0.0922,"MSE-optimal",611.56,5099,4483,385,245,141,104,"education; sex; income; race_Black; race_Hispanic; race_Asian; race_Native; race_Other","White (omitted baseline; dummies included: race_Black, race_Hispanic, race_Asian, race_Native, race_Other)"
"7","Independents","Liberal Democratic Norms Index: 1-factor principal-axis score of 7 ANES items (V201366, V201367, V201368, V201369, V201372x, V201375x, V201376), rescaled to [0, 1]; higher = stronger support for liberal democratic norms","days_from_cutoff: days between respondent date of birth and November 6, 1994; negative = born before cutoff (Control group)","November 6, 1994: born on/before this date = eligible to vote in 2012 presidential election (Control, treatment=0); born after = first eligible presidential election was 2016 (Treatment, treatment=1)","No — analyses are unweighted; ANES post-stratification weight V200010b available but not applied","Without Controls","Conventional",-0.0718,0.071,0.3118,"MSE-optimal",1169.88,1136,1044,92,118,76,42,"None",NA
"8","Independents","Liberal Democratic Norms Index: 1-factor principal-axis score of 7 ANES items (V201366, V201367, V201368, V201369, V201372x, V201375x, V201376), rescaled to [0, 1]; higher = stronger support for liberal democratic norms","days_from_cutoff: days between respondent date of birth and November 6, 1994; negative = born before cutoff (Control group)","November 6, 1994: born on/before this date = eligible to vote in 2012 presidential election (Control, treatment=0); born after = first eligible presidential election was 2016 (Treatment, treatment=1)","No — analyses are unweighted; ANES post-stratification weight V200010b available but not applied","Without Controls","Bias-Corrected",-0.107,0.071,0.1318,"MSE-optimal",1169.88,1136,1044,92,118,76,42,"None",NA
"9","Independents","Liberal Democratic Norms Index: 1-factor principal-axis score of 7 ANES items (V201366, V201367, V201368, V201369, V201372x, V201375x, V201376), rescaled to [0, 1]; higher = stronger support for liberal democratic norms","days_from_cutoff: days between respondent date of birth and November 6, 1994; negative = born before cutoff (Control group)","November 6, 1994: born on/before this date = eligible to vote in 2012 presidential election (Control, treatment=0); born after = first eligible presidential election was 2016 (Treatment, treatment=1)","No — analyses are unweighted; ANES post-stratification weight V200010b available but not applied","Without Controls","Bias-Corrected (Robust SE)",-0.107,0.088,0.224,"MSE-optimal",1169.88,1136,1044,92,118,76,42,"None",NA
"10","Independents","Liberal Democratic Norms Index: 1-factor principal-axis score of 7 ANES items (V201366, V201367, V201368, V201369, V201372x, V201375x, V201376), rescaled to [0, 1]; higher = stronger support for liberal democratic norms","days_from_cutoff: days between respondent date of birth and November 6, 1994; negative = born before cutoff (Control group)","November 6, 1994: born on/before this date = eligible to vote in 2012 presidential election (Control, treatment=0); born after = first eligible presidential election was 2016 (Treatment, treatment=1)","No — analyses are unweighted; ANES post-stratification weight V200010b available but not applied","With Controls","Conventional",-0.1103,0.0673,0.1012,"MSE-optimal",1127.51,1136,981,89,107,68,39,"education; sex; income; race_Black; race_Hispanic; race_Asian; race_Native; race_Other","White (omitted baseline; dummies included: race_Black, race_Hispanic, race_Asian, race_Native, race_Other)"
"11","Independents","Liberal Democratic Norms Index: 1-factor principal-axis score of 7 ANES items (V201366, V201367, V201368, V201369, V201372x, V201375x, V201376), rescaled to [0, 1]; higher = stronger support for liberal democratic norms","days_from_cutoff: days between respondent date of birth and November 6, 1994; negative = born before cutoff (Control group)","November 6, 1994: born on/before this date = eligible to vote in 2012 presidential election (Control, treatment=0); born after = first eligible presidential election was 2016 (Treatment, treatment=1)","No — analyses are unweighted; ANES post-stratification weight V200010b available but not applied","With Controls","Bias-Corrected",-0.1525,0.0673,0.0235,"MSE-optimal",1127.51,1136,981,89,107,68,39,"education; sex; income; race_Black; race_Hispanic; race_Asian; race_Native; race_Other","White (omitted baseline; dummies included: race_Black, race_Hispanic, race_Asian, race_Native, race_Other)"
"12","Independents","Liberal Democratic Norms Index: 1-factor principal-axis score of 7 ANES items (V201366, V201367, V201368, V201369, V201372x, V201375x, V201376), rescaled to [0, 1]; higher = stronger support for liberal democratic norms","days_from_cutoff: days between respondent date of birth and November 6, 1994; negative = born before cutoff (Control group)","November 6, 1994: born on/before this date = eligible to vote in 2012 presidential election (Control, treatment=0); born after = first eligible presidential election was 2016 (Treatment, treatment=1)","No — analyses are unweighted; ANES post-stratification weight V200010b available but not applied","With Controls","Bias-Corrected (Robust SE)",-0.1525,0.083,0.0661,"MSE-optimal",1127.51,1136,981,89,107,68,39,"education; sex; income; race_Black; race_Hispanic; race_Asian; race_Native; race_Other","White (omitted baseline; dummies included: race_Black, race_Hispanic, race_Asian, race_Native, race_Other)"
"13","Partisans","Liberal Democratic Norms Index: 1-factor principal-axis score of 7 ANES items (V201366, V201367, V201368, V201369, V201372x, V201375x, V201376), rescaled to [0, 1]; higher = stronger support for liberal democratic norms","days_from_cutoff: days between respondent date of birth and November 6, 1994; negative = born before cutoff (Control group)","November 6, 1994: born on/before this date = eligible to vote in 2012 presidential election (Control, treatment=0); born after = first eligible presidential election was 2016 (Treatment, treatment=1)","No — analyses are unweighted; ANES post-stratification weight V200010b available but not applied","Without Controls","Conventional",-0.0785,0.1078,0.4666,"MSE-optimal",613.53,3315,3081,234,137,78,59,"None",NA
"14","Partisans","Liberal Democratic Norms Index: 1-factor principal-axis score of 7 ANES items (V201366, V201367, V201368, V201369, V201372x, V201375x, V201376), rescaled to [0, 1]; higher = stronger support for liberal democratic norms","days_from_cutoff: days between respondent date of birth and November 6, 1994; negative = born before cutoff (Control group)","November 6, 1994: born on/before this date = eligible to vote in 2012 presidential election (Control, treatment=0); born after = first eligible presidential election was 2016 (Treatment, treatment=1)","No — analyses are unweighted; ANES post-stratification weight V200010b available but not applied","Without Controls","Bias-Corrected",-0.118,0.1078,0.2738,"MSE-optimal",613.53,3315,3081,234,137,78,59,"None",NA
"15","Partisans","Liberal Democratic Norms Index: 1-factor principal-axis score of 7 ANES items (V201366, V201367, V201368, V201369, V201372x, V201375x, V201376), rescaled to [0, 1]; higher = stronger support for liberal democratic norms","days_from_cutoff: days between respondent date of birth and November 6, 1994; negative = born before cutoff (Control group)","November 6, 1994: born on/before this date = eligible to vote in 2012 presidential election (Control, treatment=0); born after = first eligible presidential election was 2016 (Treatment, treatment=1)","No — analyses are unweighted; ANES post-stratification weight V200010b available but not applied","Without Controls","Bias-Corrected (Robust SE)",-0.118,0.1305,0.3658,"MSE-optimal",613.53,3315,3081,234,137,78,59,"None",NA
"16","Partisans","Liberal Democratic Norms Index: 1-factor principal-axis score of 7 ANES items (V201366, V201367, V201368, V201369, V201372x, V201375x, V201376), rescaled to [0, 1]; higher = stronger support for liberal democratic norms","days_from_cutoff: days between respondent date of birth and November 6, 1994; negative = born before cutoff (Control group)","November 6, 1994: born on/before this date = eligible to vote in 2012 presidential election (Control, treatment=0); born after = first eligible presidential election was 2016 (Treatment, treatment=1)","No — analyses are unweighted; ANES post-stratification weight V200010b available but not applied","With Controls","Conventional",-0.0686,0.0794,0.3879,"MSE-optimal",623.71,3315,2942,230,137,78,59,"education; sex; income; race_Black; race_Hispanic; race_Asian; race_Native; race_Other","White (omitted baseline; dummies included: race_Black, race_Hispanic, race_Asian, race_Native, race_Other)"
"17","Partisans","Liberal Democratic Norms Index: 1-factor principal-axis score of 7 ANES items (V201366, V201367, V201368, V201369, V201372x, V201375x, V201376), rescaled to [0, 1]; higher = stronger support for liberal democratic norms","days_from_cutoff: days between respondent date of birth and November 6, 1994; negative = born before cutoff (Control group)","November 6, 1994: born on/before this date = eligible to vote in 2012 presidential election (Control, treatment=0); born after = first eligible presidential election was 2016 (Treatment, treatment=1)","No — analyses are unweighted; ANES post-stratification weight V200010b available but not applied","With Controls","Bias-Corrected",-0.1085,0.0794,0.1719,"MSE-optimal",623.71,3315,2942,230,137,78,59,"education; sex; income; race_Black; race_Hispanic; race_Asian; race_Native; race_Other","White (omitted baseline; dummies included: race_Black, race_Hispanic, race_Asian, race_Native, race_Other)"
"18","Partisans","Liberal Democratic Norms Index: 1-factor principal-axis score of 7 ANES items (V201366, V201367, V201368, V201369, V201372x, V201375x, V201376), rescaled to [0, 1]; higher = stronger support for liberal democratic norms","days_from_cutoff: days between respondent date of birth and November 6, 1994; negative = born before cutoff (Control group)","November 6, 1994: born on/before this date = eligible to vote in 2012 presidential election (Control, treatment=0); born after = first eligible presidential election was 2016 (Treatment, treatment=1)","No — analyses are unweighted; ANES post-stratification weight V200010b available but not applied","With Controls","Bias-Corrected (Robust SE)",-0.1085,0.0943,0.25,"MSE-optimal",623.71,3315,2942,230,137,78,59,"education; sex; income; race_Black; race_Hispanic; race_Asian; race_Native; race_Other","White (omitted baseline; dummies included: race_Black, race_Hispanic, race_Asian, race_Native, race_Other)"
"19","Democrats","Liberal Democratic Norms Index: 1-factor principal-axis score of 7 ANES items (V201366, V201367, V201368, V201369, V201372x, V201375x, V201376), rescaled to [0, 1]; higher = stronger support for liberal democratic norms","days_from_cutoff: days between respondent date of birth and November 6, 1994; negative = born before cutoff (Control group)","November 6, 1994: born on/before this date = eligible to vote in 2012 presidential election (Control, treatment=0); born after = first eligible presidential election was 2016 (Treatment, treatment=1)","No — analyses are unweighted; ANES post-stratification weight V200010b available but not applied","Without Controls","Conventional",-0.0534,0.1182,0.6511,"MSE-optimal",847.06,1778,1625,153,116,68,48,"None",NA
"20","Democrats","Liberal Democratic Norms Index: 1-factor principal-axis score of 7 ANES items (V201366, V201367, V201368, V201369, V201372x, V201375x, V201376), rescaled to [0, 1]; higher = stronger support for liberal democratic norms","days_from_cutoff: days between respondent date of birth and November 6, 1994; negative = born before cutoff (Control group)","November 6, 1994: born on/before this date = eligible to vote in 2012 presidential election (Control, treatment=0); born after = first eligible presidential election was 2016 (Treatment, treatment=1)","No — analyses are unweighted; ANES post-stratification weight V200010b available but not applied","Without Controls","Bias-Corrected",-0.1018,0.1182,0.3892,"MSE-optimal",847.06,1778,1625,153,116,68,48,"None",NA
"21","Democrats","Liberal Democratic Norms Index: 1-factor principal-axis score of 7 ANES items (V201366, V201367, V201368, V201369, V201372x, V201375x, V201376), rescaled to [0, 1]; higher = stronger support for liberal democratic norms","days_from_cutoff: days between respondent date of birth and November 6, 1994; negative = born before cutoff (Control group)","November 6, 1994: born on/before this date = eligible to vote in 2012 presidential election (Control, treatment=0); born after = first eligible presidential election was 2016 (Treatment, treatment=1)","No — analyses are unweighted; ANES post-stratification weight V200010b available but not applied","Without Controls","Bias-Corrected (Robust SE)",-0.1018,0.1457,0.4849,"MSE-optimal",847.06,1778,1625,153,116,68,48,"None",NA
"22","Democrats","Liberal Democratic Norms Index: 1-factor principal-axis score of 7 ANES items (V201366, V201367, V201368, V201369, V201372x, V201375x, V201376), rescaled to [0, 1]; higher = stronger support for liberal democratic norms","days_from_cutoff: days between respondent date of birth and November 6, 1994; negative = born before cutoff (Control group)","November 6, 1994: born on/before this date = eligible to vote in 2012 presidential election (Control, treatment=0); born after = first eligible presidential election was 2016 (Treatment, treatment=1)","No — analyses are unweighted; ANES post-stratification weight V200010b available but not applied","With Controls","Conventional",-0.0464,0.0752,0.5373,"MSE-optimal",1089.24,1778,1561,150,146,83,63,"education; sex; income; race_Black; race_Hispanic; race_Asian; race_Native; race_Other","White (omitted baseline; dummies included: race_Black, race_Hispanic, race_Asian, race_Native, race_Other)"
"23","Democrats","Liberal Democratic Norms Index: 1-factor principal-axis score of 7 ANES items (V201366, V201367, V201368, V201369, V201372x, V201375x, V201376), rescaled to [0, 1]; higher = stronger support for liberal democratic norms","days_from_cutoff: days between respondent date of birth and November 6, 1994; negative = born before cutoff (Control group)","November 6, 1994: born on/before this date = eligible to vote in 2012 presidential election (Control, treatment=0); born after = first eligible presidential election was 2016 (Treatment, treatment=1)","No — analyses are unweighted; ANES post-stratification weight V200010b available but not applied","With Controls","Bias-Corrected",-0.0653,0.0752,0.3852,"MSE-optimal",1089.24,1778,1561,150,146,83,63,"education; sex; income; race_Black; race_Hispanic; race_Asian; race_Native; race_Other","White (omitted baseline; dummies included: race_Black, race_Hispanic, race_Asian, race_Native, race_Other)"
"24","Democrats","Liberal Democratic Norms Index: 1-factor principal-axis score of 7 ANES items (V201366, V201367, V201368, V201369, V201372x, V201375x, V201376), rescaled to [0, 1]; higher = stronger support for liberal democratic norms","days_from_cutoff: days between respondent date of birth and November 6, 1994; negative = born before cutoff (Control group)","November 6, 1994: born on/before this date = eligible to vote in 2012 presidential election (Control, treatment=0); born after = first eligible presidential election was 2016 (Treatment, treatment=1)","No — analyses are unweighted; ANES post-stratification weight V200010b available but not applied","With Controls","Bias-Corrected (Robust SE)",-0.0653,0.0946,0.4901,"MSE-optimal",1089.24,1778,1561,150,146,83,63,"education; sex; income; race_Black; race_Hispanic; race_Asian; race_Native; race_Other","White (omitted baseline; dummies included: race_Black, race_Hispanic, race_Asian, race_Native, race_Other)"
"25","Republicans","Liberal Democratic Norms Index: 1-factor principal-axis score of 7 ANES items (V201366, V201367, V201368, V201369, V201372x, V201375x, V201376), rescaled to [0, 1]; higher = stronger support for liberal democratic norms","days_from_cutoff: days between respondent date of birth and November 6, 1994; negative = born before cutoff (Control group)","November 6, 1994: born on/before this date = eligible to vote in 2012 presidential election (Control, treatment=0); born after = first eligible presidential election was 2016 (Treatment, treatment=1)","No — analyses are unweighted; ANES post-stratification weight V200010b available but not applied","Without Controls","Conventional",0.0135,0.0792,0.8642,"MSE-optimal",913.39,1537,1456,81,75,40,35,"None",NA
"26","Republicans","Liberal Democratic Norms Index: 1-factor principal-axis score of 7 ANES items (V201366, V201367, V201368, V201369, V201372x, V201375x, V201376), rescaled to [0, 1]; higher = stronger support for liberal democratic norms","days_from_cutoff: days between respondent date of birth and November 6, 1994; negative = born before cutoff (Control group)","November 6, 1994: born on/before this date = eligible to vote in 2012 presidential election (Control, treatment=0); born after = first eligible presidential election was 2016 (Treatment, treatment=1)","No — analyses are unweighted; ANES post-stratification weight V200010b available but not applied","Without Controls","Bias-Corrected",-0.0233,0.0792,0.7684,"MSE-optimal",913.39,1537,1456,81,75,40,35,"None",NA
"27","Republicans","Liberal Democratic Norms Index: 1-factor principal-axis score of 7 ANES items (V201366, V201367, V201368, V201369, V201372x, V201375x, V201376), rescaled to [0, 1]; higher = stronger support for liberal democratic norms","days_from_cutoff: days between respondent date of birth and November 6, 1994; negative = born before cutoff (Control group)","November 6, 1994: born on/before this date = eligible to vote in 2012 presidential election (Control, treatment=0); born after = first eligible presidential election was 2016 (Treatment, treatment=1)","No — analyses are unweighted; ANES post-stratification weight V200010b available but not applied","Without Controls","Bias-Corrected (Robust SE)",-0.0233,0.095,0.8061,"MSE-optimal",913.39,1537,1456,81,75,40,35,"None",NA
"28","Republicans","Liberal Democratic Norms Index: 1-factor principal-axis score of 7 ANES items (V201366, V201367, V201368, V201369, V201372x, V201375x, V201376), rescaled to [0, 1]; higher = stronger support for liberal democratic norms","days_from_cutoff: days between respondent date of birth and November 6, 1994; negative = born before cutoff (Control group)","November 6, 1994: born on/before this date = eligible to vote in 2012 presidential election (Control, treatment=0); born after = first eligible presidential election was 2016 (Treatment, treatment=1)","No — analyses are unweighted; ANES post-stratification weight V200010b available but not applied","With Controls","Conventional",0.0061,0.0721,0.933,"MSE-optimal",682.64,1537,1381,80,57,27,30,"education; sex; income; race_Black; race_Hispanic; race_Asian; race_Native; race_Other","White (omitted baseline; dummies included: race_Black, race_Hispanic, race_Asian, race_Native, race_Other)"
"29","Republicans","Liberal Democratic Norms Index: 1-factor principal-axis score of 7 ANES items (V201366, V201367, V201368, V201369, V201372x, V201375x, V201376), rescaled to [0, 1]; higher = stronger support for liberal democratic norms","days_from_cutoff: days between respondent date of birth and November 6, 1994; negative = born before cutoff (Control group)","November 6, 1994: born on/before this date = eligible to vote in 2012 presidential election (Control, treatment=0); born after = first eligible presidential election was 2016 (Treatment, treatment=1)","No — analyses are unweighted; ANES post-stratification weight V200010b available but not applied","With Controls","Bias-Corrected",-0.0276,0.0721,0.7017,"MSE-optimal",682.64,1537,1381,80,57,27,30,"education; sex; income; race_Black; race_Hispanic; race_Asian; race_Native; race_Other","White (omitted baseline; dummies included: race_Black, race_Hispanic, race_Asian, race_Native, race_Other)"
"30","Republicans","Liberal Democratic Norms Index: 1-factor principal-axis score of 7 ANES items (V201366, V201367, V201368, V201369, V201372x, V201375x, V201376), rescaled to [0, 1]; higher = stronger support for liberal democratic norms","days_from_cutoff: days between respondent date of birth and November 6, 1994; negative = born before cutoff (Control group)","November 6, 1994: born on/before this date = eligible to vote in 2012 presidential election (Control, treatment=0); born after = first eligible presidential election was 2016 (Treatment, treatment=1)","No — analyses are unweighted; ANES post-stratification weight V200010b available but not applied","With Controls","Bias-Corrected (Robust SE)",-0.0276,0.0868,0.7504,"MSE-optimal",682.64,1537,1381,80,57,27,30,"education; sex; income; race_Black; race_Hispanic; race_Asian; race_Native; race_Other","White (omitted baseline; dummies included: race_Black, race_Hispanic, race_Asian, race_Native, race_Other)"
"31","Expect In-Party Win","Liberal Democratic Norms Index: 1-factor principal-axis score of 7 ANES items (V201366, V201367, V201368, V201369, V201372x, V201375x, V201376), rescaled to [0, 1]; higher = stronger support for liberal democratic norms","days_from_cutoff: days between respondent date of birth and November 6, 1994; negative = born before cutoff (Control group)","November 6, 1994: born on/before this date = eligible to vote in 2012 presidential election (Control, treatment=0); born after = first eligible presidential election was 2016 (Treatment, treatment=1)","No — analyses are unweighted; ANES post-stratification weight V200010b available but not applied","Without Controls","Conventional",0.0908,0.05,0.069,"MSE-optimal",1234.81,2827,2640,187,208,123,85,"None",NA
"32","Expect In-Party Win","Liberal Democratic Norms Index: 1-factor principal-axis score of 7 ANES items (V201366, V201367, V201368, V201369, V201372x, V201375x, V201376), rescaled to [0, 1]; higher = stronger support for liberal democratic norms","days_from_cutoff: days between respondent date of birth and November 6, 1994; negative = born before cutoff (Control group)","November 6, 1994: born on/before this date = eligible to vote in 2012 presidential election (Control, treatment=0); born after = first eligible presidential election was 2016 (Treatment, treatment=1)","No — analyses are unweighted; ANES post-stratification weight V200010b available but not applied","Without Controls","Bias-Corrected",0.0972,0.05,0.0517,"MSE-optimal",1234.81,2827,2640,187,208,123,85,"None",NA
"33","Expect In-Party Win","Liberal Democratic Norms Index: 1-factor principal-axis score of 7 ANES items (V201366, V201367, V201368, V201369, V201372x, V201375x, V201376), rescaled to [0, 1]; higher = stronger support for liberal democratic norms","days_from_cutoff: days between respondent date of birth and November 6, 1994; negative = born before cutoff (Control group)","November 6, 1994: born on/before this date = eligible to vote in 2012 presidential election (Control, treatment=0); born after = first eligible presidential election was 2016 (Treatment, treatment=1)","No — analyses are unweighted; ANES post-stratification weight V200010b available but not applied","Without Controls","Bias-Corrected (Robust SE)",0.0972,0.0608,0.11,"MSE-optimal",1234.81,2827,2640,187,208,123,85,"None",NA
"34","Expect In-Party Win","Liberal Democratic Norms Index: 1-factor principal-axis score of 7 ANES items (V201366, V201367, V201368, V201369, V201372x, V201375x, V201376), rescaled to [0, 1]; higher = stronger support for liberal democratic norms","days_from_cutoff: days between respondent date of birth and November 6, 1994; negative = born before cutoff (Control group)","November 6, 1994: born on/before this date = eligible to vote in 2012 presidential election (Control, treatment=0); born after = first eligible presidential election was 2016 (Treatment, treatment=1)","No — analyses are unweighted; ANES post-stratification weight V200010b available but not applied","With Controls","Conventional",0.0761,0.0486,0.1168,"MSE-optimal",1197.79,2827,2528,183,201,117,84,"education; sex; income; race_Black; race_Hispanic; race_Asian; race_Native; race_Other","White (omitted baseline; dummies included: race_Black, race_Hispanic, race_Asian, race_Native, race_Other)"
"35","Expect In-Party Win","Liberal Democratic Norms Index: 1-factor principal-axis score of 7 ANES items (V201366, V201367, V201368, V201369, V201372x, V201375x, V201376), rescaled to [0, 1]; higher = stronger support for liberal democratic norms","days_from_cutoff: days between respondent date of birth and November 6, 1994; negative = born before cutoff (Control group)","November 6, 1994: born on/before this date = eligible to vote in 2012 presidential election (Control, treatment=0); born after = first eligible presidential election was 2016 (Treatment, treatment=1)","No — analyses are unweighted; ANES post-stratification weight V200010b available but not applied","With Controls","Bias-Corrected",0.0784,0.0486,0.1064,"MSE-optimal",1197.79,2827,2528,183,201,117,84,"education; sex; income; race_Black; race_Hispanic; race_Asian; race_Native; race_Other","White (omitted baseline; dummies included: race_Black, race_Hispanic, race_Asian, race_Native, race_Other)"
"36","Expect In-Party Win","Liberal Democratic Norms Index: 1-factor principal-axis score of 7 ANES items (V201366, V201367, V201368, V201369, V201372x, V201375x, V201376), rescaled to [0, 1]; higher = stronger support for liberal democratic norms","days_from_cutoff: days between respondent date of birth and November 6, 1994; negative = born before cutoff (Control group)","November 6, 1994: born on/before this date = eligible to vote in 2012 presidential election (Control, treatment=0); born after = first eligible presidential election was 2016 (Treatment, treatment=1)","No — analyses are unweighted; ANES post-stratification weight V200010b available but not applied","With Controls","Bias-Corrected (Robust SE)",0.0784,0.0594,0.1865,"MSE-optimal",1197.79,2827,2528,183,201,117,84,"education; sex; income; race_Black; race_Hispanic; race_Asian; race_Native; race_Other","White (omitted baseline; dummies included: race_Black, race_Hispanic, race_Asian, race_Native, race_Other)"
"37","Expect In-Party Loss","Liberal Democratic Norms Index: 1-factor principal-axis score of 7 ANES items (V201366, V201367, V201368, V201369, V201372x, V201375x, V201376), rescaled to [0, 1]; higher = stronger support for liberal democratic norms","days_from_cutoff: days between respondent date of birth and November 6, 1994; negative = born before cutoff (Control group)","November 6, 1994: born on/before this date = eligible to vote in 2012 presidential election (Control, treatment=0); born after = first eligible presidential election was 2016 (Treatment, treatment=1)","No — analyses are unweighted; ANES post-stratification weight V200010b available but not applied","Without Controls","Conventional",-0.2837,0.2039,0.1642,"MSE-optimal",1234.27,414,369,45,52,30,22,"None",NA
"38","Expect In-Party Loss","Liberal Democratic Norms Index: 1-factor principal-axis score of 7 ANES items (V201366, V201367, V201368, V201369, V201372x, V201375x, V201376), rescaled to [0, 1]; higher = stronger support for liberal democratic norms","days_from_cutoff: days between respondent date of birth and November 6, 1994; negative = born before cutoff (Control group)","November 6, 1994: born on/before this date = eligible to vote in 2012 presidential election (Control, treatment=0); born after = first eligible presidential election was 2016 (Treatment, treatment=1)","No — analyses are unweighted; ANES post-stratification weight V200010b available but not applied","Without Controls","Bias-Corrected",-0.4079,0.2039,0.0455,"MSE-optimal",1234.27,414,369,45,52,30,22,"None",NA
"39","Expect In-Party Loss","Liberal Democratic Norms Index: 1-factor principal-axis score of 7 ANES items (V201366, V201367, V201368, V201369, V201372x, V201375x, V201376), rescaled to [0, 1]; higher = stronger support for liberal democratic norms","days_from_cutoff: days between respondent date of birth and November 6, 1994; negative = born before cutoff (Control group)","November 6, 1994: born on/before this date = eligible to vote in 2012 presidential election (Control, treatment=0); born after = first eligible presidential election was 2016 (Treatment, treatment=1)","No — analyses are unweighted; ANES post-stratification weight V200010b available but not applied","Without Controls","Bias-Corrected (Robust SE)",-0.4079,0.2509,0.104,"MSE-optimal",1234.27,414,369,45,52,30,22,"None",NA
"40","Expect In-Party Loss","Liberal Democratic Norms Index: 1-factor principal-axis score of 7 ANES items (V201366, V201367, V201368, V201369, V201372x, V201375x, V201376), rescaled to [0, 1]; higher = stronger support for liberal democratic norms","days_from_cutoff: days between respondent date of birth and November 6, 1994; negative = born before cutoff (Control group)","November 6, 1994: born on/before this date = eligible to vote in 2012 presidential election (Control, treatment=0); born after = first eligible presidential election was 2016 (Treatment, treatment=1)","No — analyses are unweighted; ANES post-stratification weight V200010b available but not applied","With Controls","Conventional",-0.0108,0.0986,0.9124,"MSE-optimal",1554.84,414,348,45,64,36,28,"education; sex; income; race_Black; race_Hispanic; race_Asian; race_Native; race_Other","White (omitted baseline; dummies included: race_Black, race_Hispanic, race_Asian, race_Native, race_Other)"
"41","Expect In-Party Loss","Liberal Democratic Norms Index: 1-factor principal-axis score of 7 ANES items (V201366, V201367, V201368, V201369, V201372x, V201375x, V201376), rescaled to [0, 1]; higher = stronger support for liberal democratic norms","days_from_cutoff: days between respondent date of birth and November 6, 1994; negative = born before cutoff (Control group)","November 6, 1994: born on/before this date = eligible to vote in 2012 presidential election (Control, treatment=0); born after = first eligible presidential election was 2016 (Treatment, treatment=1)","No — analyses are unweighted; ANES post-stratification weight V200010b available but not applied","With Controls","Bias-Corrected",-0.0626,0.0986,0.5254,"MSE-optimal",1554.84,414,348,45,64,36,28,"education; sex; income; race_Black; race_Hispanic; race_Asian; race_Native; race_Other","White (omitted baseline; dummies included: race_Black, race_Hispanic, race_Asian, race_Native, race_Other)"
"42","Expect In-Party Loss","Liberal Democratic Norms Index: 1-factor principal-axis score of 7 ANES items (V201366, V201367, V201368, V201369, V201372x, V201375x, V201376), rescaled to [0, 1]; higher = stronger support for liberal democratic norms","days_from_cutoff: days between respondent date of birth and November 6, 1994; negative = born before cutoff (Control group)","November 6, 1994: born on/before this date = eligible to vote in 2012 presidential election (Control, treatment=0); born after = first eligible presidential election was 2016 (Treatment, treatment=1)","No — analyses are unweighted; ANES post-stratification weight V200010b available but not applied","With Controls","Bias-Corrected (Robust SE)",-0.0626,0.1227,0.6101,"MSE-optimal",1554.84,414,348,45,64,36,28,"education; sex; income; race_Black; race_Hispanic; race_Asian; race_Native; race_Other","White (omitted baseline; dummies included: race_Black, race_Hispanic, race_Asian, race_Native, race_Other)"
