"Sample","Model","Bin","N_draws","Bin_Midpoint","Density","Outcome","Weighted","Note"
"Democrats","With Controls","[-0.14,-0.125]",1,-0.139147,Inf,"Liberal Democratic Norms Index (0-1)","No","Each row is one histogram bin. Bin_Midpoint = mean estimate within the bin. N_draws = count of simulation iterations falling in that bin."
"Democrats","With Controls","(-0.125,-0.112]",1,-0.122574,Inf,"Liberal Democratic Norms Index (0-1)","No","Each row is one histogram bin. Bin_Midpoint = mean estimate within the bin. N_draws = count of simulation iterations falling in that bin."
"Democrats","With Controls","(-0.112,-0.0979]",2,-0.107294,1290.474888,"Liberal Democratic Norms Index (0-1)","No","Each row is one histogram bin. Bin_Midpoint = mean estimate within the bin. N_draws = count of simulation iterations falling in that bin."
"Democrats","With Controls","(-0.0841,-0.0704]",1,-0.071329,Inf,"Liberal Democratic Norms Index (0-1)","No","Each row is one histogram bin. Bin_Midpoint = mean estimate within the bin. N_draws = count of simulation iterations falling in that bin."
"Democrats","With Controls","(-0.0704,-0.0566]",3,-0.062848,272.38177,"Liberal Democratic Norms Index (0-1)","No","Each row is one histogram bin. Bin_Midpoint = mean estimate within the bin. N_draws = count of simulation iterations falling in that bin."
"Democrats","With Controls","(-0.0429,-0.0291]",6,-0.036761,447.399719,"Liberal Democratic Norms Index (0-1)","No","Each row is one histogram bin. Bin_Midpoint = mean estimate within the bin. N_draws = count of simulation iterations falling in that bin."
"Democrats","With Controls","(-0.0291,-0.0154]",7,-0.021292,544.236017,"Liberal Democratic Norms Index (0-1)","No","Each row is one histogram bin. Bin_Midpoint = mean estimate within the bin. N_draws = count of simulation iterations falling in that bin."
"Democrats","With Controls","(-0.0154,-0.00163]",7,-0.007746,584.708624,"Liberal Democratic Norms Index (0-1)","No","Each row is one histogram bin. Bin_Midpoint = mean estimate within the bin. N_draws = count of simulation iterations falling in that bin."
"Democrats","With Controls","(-0.00163,0.0121]",4,0.006273,472.831349,"Liberal Democratic Norms Index (0-1)","No","Each row is one histogram bin. Bin_Midpoint = mean estimate within the bin. N_draws = count of simulation iterations falling in that bin."
"Democrats","With Controls","(0.0121,0.0259]",11,0.019495,927.30039,"Liberal Democratic Norms Index (0-1)","No","Each row is one histogram bin. Bin_Midpoint = mean estimate within the bin. N_draws = count of simulation iterations falling in that bin."
"Democrats","With Controls","(0.0259,0.0396]",6,0.030516,765.476188,"Liberal Democratic Norms Index (0-1)","No","Each row is one histogram bin. Bin_Midpoint = mean estimate within the bin. N_draws = count of simulation iterations falling in that bin."
"Democrats","With Controls","(0.0396,0.0534]",10,0.046314,797.941502,"Liberal Democratic Norms Index (0-1)","No","Each row is one histogram bin. Bin_Midpoint = mean estimate within the bin. N_draws = count of simulation iterations falling in that bin."
"Democrats","With Controls","(0.0534,0.0671]",6,0.060976,466.08649,"Liberal Democratic Norms Index (0-1)","No","Each row is one histogram bin. Bin_Midpoint = mean estimate within the bin. N_draws = count of simulation iterations falling in that bin."
"Democrats","With Controls","(0.0671,0.0809]",9,0.075836,733.09785,"Liberal Democratic Norms Index (0-1)","No","Each row is one histogram bin. Bin_Midpoint = mean estimate within the bin. N_draws = count of simulation iterations falling in that bin."
"Democrats","With Controls","(0.0809,0.0946]",4,0.085022,633.568659,"Liberal Democratic Norms Index (0-1)","No","Each row is one histogram bin. Bin_Midpoint = mean estimate within the bin. N_draws = count of simulation iterations falling in that bin."
"Democrats","With Controls","(0.0946,0.108]",5,0.100128,401.053642,"Liberal Democratic Norms Index (0-1)","No","Each row is one histogram bin. Bin_Midpoint = mean estimate within the bin. N_draws = count of simulation iterations falling in that bin."
"Democrats","With Controls","(0.108,0.122]",2,0.115534,259.1227,"Liberal Democratic Norms Index (0-1)","No","Each row is one histogram bin. Bin_Midpoint = mean estimate within the bin. N_draws = count of simulation iterations falling in that bin."
"Democrats","With Controls","(0.122,0.136]",4,0.126598,334.184017,"Liberal Democratic Norms Index (0-1)","No","Each row is one histogram bin. Bin_Midpoint = mean estimate within the bin. N_draws = count of simulation iterations falling in that bin."
"Democrats","With Controls","(0.136,0.15]",2,0.146133,446.102221,"Liberal Democratic Norms Index (0-1)","No","Each row is one histogram bin. Bin_Midpoint = mean estimate within the bin. N_draws = count of simulation iterations falling in that bin."
"Democrats","With Controls","(0.15,0.163]",2,0.154214,908.586012,"Liberal Democratic Norms Index (0-1)","No","Each row is one histogram bin. Bin_Midpoint = mean estimate within the bin. N_draws = count of simulation iterations falling in that bin."
"Democrats","With Controls","(0.163,0.177]",3,0.169695,785.74932,"Liberal Democratic Norms Index (0-1)","No","Each row is one histogram bin. Bin_Midpoint = mean estimate within the bin. N_draws = count of simulation iterations falling in that bin."
"Democrats","With Controls","(0.191,0.205]",1,0.194962,Inf,"Liberal Democratic Norms Index (0-1)","No","Each row is one histogram bin. Bin_Midpoint = mean estimate within the bin. N_draws = count of simulation iterations falling in that bin."
"Democrats","With Controls","(0.26,0.274]",3,0.26676,254.594377,"Liberal Democratic Norms Index (0-1)","No","Each row is one histogram bin. Bin_Midpoint = mean estimate within the bin. N_draws = count of simulation iterations falling in that bin."
"Democrats","Without Controls","[-0.191,-0.176]",3,-0.18951,1354.884652,"Liberal Democratic Norms Index (0-1)","No","Each row is one histogram bin. Bin_Midpoint = mean estimate within the bin. N_draws = count of simulation iterations falling in that bin."
"Democrats","Without Controls","(-0.176,-0.161]",1,-0.161577,Inf,"Liberal Democratic Norms Index (0-1)","No","Each row is one histogram bin. Bin_Midpoint = mean estimate within the bin. N_draws = count of simulation iterations falling in that bin."
"Democrats","Without Controls","(-0.1,-0.0854]",1,-0.096202,Inf,"Liberal Democratic Norms Index (0-1)","No","Each row is one histogram bin. Bin_Midpoint = mean estimate within the bin. N_draws = count of simulation iterations falling in that bin."
"Democrats","Without Controls","(-0.0854,-0.0704]",1,-0.076388,Inf,"Liberal Democratic Norms Index (0-1)","No","Each row is one histogram bin. Bin_Midpoint = mean estimate within the bin. N_draws = count of simulation iterations falling in that bin."
"Democrats","Without Controls","(-0.0704,-0.0554]",1,-0.062007,Inf,"Liberal Democratic Norms Index (0-1)","No","Each row is one histogram bin. Bin_Midpoint = mean estimate within the bin. N_draws = count of simulation iterations falling in that bin."
"Democrats","Without Controls","(-0.0554,-0.0404]",4,-0.047656,387.77759,"Liberal Democratic Norms Index (0-1)","No","Each row is one histogram bin. Bin_Midpoint = mean estimate within the bin. N_draws = count of simulation iterations falling in that bin."
"Democrats","Without Controls","(-0.0404,-0.0254]",3,-0.035249,258.549179,"Liberal Democratic Norms Index (0-1)","No","Each row is one histogram bin. Bin_Midpoint = mean estimate within the bin. N_draws = count of simulation iterations falling in that bin."
"Democrats","Without Controls","(-0.0254,-0.0103]",2,-0.015834,245.717162,"Liberal Democratic Norms Index (0-1)","No","Each row is one histogram bin. Bin_Midpoint = mean estimate within the bin. N_draws = count of simulation iterations falling in that bin."
"Democrats","Without Controls","(-0.0103,0.00469]",5,-0.00163,448.960793,"Liberal Democratic Norms Index (0-1)","No","Each row is one histogram bin. Bin_Midpoint = mean estimate within the bin. N_draws = count of simulation iterations falling in that bin."
"Democrats","Without Controls","(0.00469,0.0197]",3,0.010919,356.365635,"Liberal Democratic Norms Index (0-1)","No","Each row is one histogram bin. Bin_Midpoint = mean estimate within the bin. N_draws = count of simulation iterations falling in that bin."
"Democrats","Without Controls","(0.0197,0.0347]",7,0.027052,529.382409,"Liberal Democratic Norms Index (0-1)","No","Each row is one histogram bin. Bin_Midpoint = mean estimate within the bin. N_draws = count of simulation iterations falling in that bin."
"Democrats","Without Controls","(0.0347,0.0498]",4,0.042091,387.699105,"Liberal Democratic Norms Index (0-1)","No","Each row is one histogram bin. Bin_Midpoint = mean estimate within the bin. N_draws = count of simulation iterations falling in that bin."
"Democrats","Without Controls","(0.0498,0.0648]",8,0.057244,569.674199,"Liberal Democratic Norms Index (0-1)","No","Each row is one histogram bin. Bin_Midpoint = mean estimate within the bin. N_draws = count of simulation iterations falling in that bin."
"Democrats","Without Controls","(0.0648,0.0798]",5,0.072991,334.170873,"Liberal Democratic Norms Index (0-1)","No","Each row is one histogram bin. Bin_Midpoint = mean estimate within the bin. N_draws = count of simulation iterations falling in that bin."
"Democrats","Without Controls","(0.0798,0.0948]",5,0.087232,477.04541,"Liberal Democratic Norms Index (0-1)","No","Each row is one histogram bin. Bin_Midpoint = mean estimate within the bin. N_draws = count of simulation iterations falling in that bin."
"Democrats","Without Controls","(0.0948,0.11]",7,0.100647,554.463899,"Liberal Democratic Norms Index (0-1)","No","Each row is one histogram bin. Bin_Midpoint = mean estimate within the bin. N_draws = count of simulation iterations falling in that bin."
"Democrats","Without Controls","(0.11,0.125]",11,0.117522,866.021949,"Liberal Democratic Norms Index (0-1)","No","Each row is one histogram bin. Bin_Midpoint = mean estimate within the bin. N_draws = count of simulation iterations falling in that bin."
"Democrats","Without Controls","(0.125,0.14]",4,0.131932,501.819233,"Liberal Democratic Norms Index (0-1)","No","Each row is one histogram bin. Bin_Midpoint = mean estimate within the bin. N_draws = count of simulation iterations falling in that bin."
"Democrats","Without Controls","(0.14,0.155]",8,0.147494,662.708581,"Liberal Democratic Norms Index (0-1)","No","Each row is one histogram bin. Bin_Midpoint = mean estimate within the bin. N_draws = count of simulation iterations falling in that bin."
"Democrats","Without Controls","(0.155,0.17]",8,0.159741,945.589152,"Liberal Democratic Norms Index (0-1)","No","Each row is one histogram bin. Bin_Midpoint = mean estimate within the bin. N_draws = count of simulation iterations falling in that bin."
"Democrats","Without Controls","(0.17,0.185]",4,0.179981,411.696605,"Liberal Democratic Norms Index (0-1)","No","Each row is one histogram bin. Bin_Midpoint = mean estimate within the bin. N_draws = count of simulation iterations falling in that bin."
"Democrats","Without Controls","(0.185,0.2]",1,0.196684,Inf,"Liberal Democratic Norms Index (0-1)","No","Each row is one histogram bin. Bin_Midpoint = mean estimate within the bin. N_draws = count of simulation iterations falling in that bin."
"Democrats","Without Controls","(0.2,0.215]",3,0.207955,703.671059,"Liberal Democratic Norms Index (0-1)","No","Each row is one histogram bin. Bin_Midpoint = mean estimate within the bin. N_draws = count of simulation iterations falling in that bin."
"Democrats","Without Controls","(0.245,0.261]",1,0.260054,Inf,"Liberal Democratic Norms Index (0-1)","No","Each row is one histogram bin. Bin_Midpoint = mean estimate within the bin. N_draws = count of simulation iterations falling in that bin."
"Expect In-Party Loss","With Controls","(0.155,0.17]",6,0.163356,448.863754,"Liberal Democratic Norms Index (0-1)","No","Each row is one histogram bin. Bin_Midpoint = mean estimate within the bin. N_draws = count of simulation iterations falling in that bin."
"Expect In-Party Loss","With Controls","[-0.0526,-0.0363]",2,-0.045428,148.543036,"Liberal Democratic Norms Index (0-1)","No","Each row is one histogram bin. Bin_Midpoint = mean estimate within the bin. N_draws = count of simulation iterations falling in that bin."
"Expect In-Party Loss","With Controls","(-0.0204,-0.00445]",1,-0.014603,Inf,"Liberal Democratic Norms Index (0-1)","No","Each row is one histogram bin. Bin_Midpoint = mean estimate within the bin. N_draws = count of simulation iterations falling in that bin."
"Expect In-Party Loss","With Controls","(-0.00445,0.0115]",2,0.002741,155.668502,"Liberal Democratic Norms Index (0-1)","No","Each row is one histogram bin. Bin_Midpoint = mean estimate within the bin. N_draws = count of simulation iterations falling in that bin."
"Expect In-Party Loss","With Controls","(0.0115,0.0274]",6,0.02095,467.228635,"Liberal Democratic Norms Index (0-1)","No","Each row is one histogram bin. Bin_Midpoint = mean estimate within the bin. N_draws = count of simulation iterations falling in that bin."
"Expect In-Party Loss","With Controls","(0.0274,0.0433]",1,0.04014,Inf,"Liberal Democratic Norms Index (0-1)","No","Each row is one histogram bin. Bin_Midpoint = mean estimate within the bin. N_draws = count of simulation iterations falling in that bin."
"Expect In-Party Loss","With Controls","(0.0433,0.0592]",8,0.049474,802.342044,"Liberal Democratic Norms Index (0-1)","No","Each row is one histogram bin. Bin_Midpoint = mean estimate within the bin. N_draws = count of simulation iterations falling in that bin."
"Expect In-Party Loss","With Controls","(0.0592,0.0751]",1,0.07117,Inf,"Liberal Democratic Norms Index (0-1)","No","Each row is one histogram bin. Bin_Midpoint = mean estimate within the bin. N_draws = count of simulation iterations falling in that bin."
"Expect In-Party Loss","With Controls","(0.0751,0.091]",3,0.084072,472.876412,"Liberal Democratic Norms Index (0-1)","No","Each row is one histogram bin. Bin_Midpoint = mean estimate within the bin. N_draws = count of simulation iterations falling in that bin."
"Expect In-Party Loss","With Controls","(0.091,0.107]",6,0.099144,434.001287,"Liberal Democratic Norms Index (0-1)","No","Each row is one histogram bin. Bin_Midpoint = mean estimate within the bin. N_draws = count of simulation iterations falling in that bin."
"Expect In-Party Loss","With Controls","(0.107,0.123]",4,0.118663,659.181204,"Liberal Democratic Norms Index (0-1)","No","Each row is one histogram bin. Bin_Midpoint = mean estimate within the bin. N_draws = count of simulation iterations falling in that bin."
"Expect In-Party Loss","With Controls","(0.123,0.139]",13,0.131541,1061.508994,"Liberal Democratic Norms Index (0-1)","No","Each row is one histogram bin. Bin_Midpoint = mean estimate within the bin. N_draws = count of simulation iterations falling in that bin."
"Expect In-Party Loss","With Controls","(0.139,0.155]",6,0.142971,618.117817,"Liberal Democratic Norms Index (0-1)","No","Each row is one histogram bin. Bin_Midpoint = mean estimate within the bin. N_draws = count of simulation iterations falling in that bin."
"Expect In-Party Loss","With Controls","(0.17,0.186]",6,0.179192,462.514394,"Liberal Democratic Norms Index (0-1)","No","Each row is one histogram bin. Bin_Midpoint = mean estimate within the bin. N_draws = count of simulation iterations falling in that bin."
"Expect In-Party Loss","With Controls","(0.186,0.202]",7,0.193937,593.710544,"Liberal Democratic Norms Index (0-1)","No","Each row is one histogram bin. Bin_Midpoint = mean estimate within the bin. N_draws = count of simulation iterations falling in that bin."
"Expect In-Party Loss","With Controls","(0.202,0.218]",3,0.213164,261.570911,"Liberal Democratic Norms Index (0-1)","No","Each row is one histogram bin. Bin_Midpoint = mean estimate within the bin. N_draws = count of simulation iterations falling in that bin."
"Expect In-Party Loss","With Controls","(0.218,0.234]",5,0.223808,586.884174,"Liberal Democratic Norms Index (0-1)","No","Each row is one histogram bin. Bin_Midpoint = mean estimate within the bin. N_draws = count of simulation iterations falling in that bin."
"Expect In-Party Loss","With Controls","(0.234,0.25]",6,0.237614,817.782929,"Liberal Democratic Norms Index (0-1)","No","Each row is one histogram bin. Bin_Midpoint = mean estimate within the bin. N_draws = count of simulation iterations falling in that bin."
"Expect In-Party Loss","With Controls","(0.25,0.266]",5,0.256753,724.115949,"Liberal Democratic Norms Index (0-1)","No","Each row is one histogram bin. Bin_Midpoint = mean estimate within the bin. N_draws = count of simulation iterations falling in that bin."
"Expect In-Party Loss","With Controls","(0.282,0.298]",1,0.284053,Inf,"Liberal Democratic Norms Index (0-1)","No","Each row is one histogram bin. Bin_Midpoint = mean estimate within the bin. N_draws = count of simulation iterations falling in that bin."
"Expect In-Party Loss","With Controls","(0.298,0.314]",1,0.302331,Inf,"Liberal Democratic Norms Index (0-1)","No","Each row is one histogram bin. Bin_Midpoint = mean estimate within the bin. N_draws = count of simulation iterations falling in that bin."
"Expect In-Party Loss","With Controls","(0.314,0.33]",2,0.320482,181.495084,"Liberal Democratic Norms Index (0-1)","No","Each row is one histogram bin. Bin_Midpoint = mean estimate within the bin. N_draws = count of simulation iterations falling in that bin."
"Expect In-Party Loss","With Controls","(0.33,0.345]",1,0.333588,Inf,"Liberal Democratic Norms Index (0-1)","No","Each row is one histogram bin. Bin_Midpoint = mean estimate within the bin. N_draws = count of simulation iterations falling in that bin."
"Expect In-Party Loss","With Controls","(0.345,0.361]",1,0.347631,Inf,"Liberal Democratic Norms Index (0-1)","No","Each row is one histogram bin. Bin_Midpoint = mean estimate within the bin. N_draws = count of simulation iterations falling in that bin."
"Expect In-Party Loss","With Controls","(0.361,0.377]",1,0.370113,Inf,"Liberal Democratic Norms Index (0-1)","No","Each row is one histogram bin. Bin_Midpoint = mean estimate within the bin. N_draws = count of simulation iterations falling in that bin."
"Expect In-Party Loss","With Controls","(0.409,0.425]",2,0.417768,139.580458,"Liberal Democratic Norms Index (0-1)","No","Each row is one histogram bin. Bin_Midpoint = mean estimate within the bin. N_draws = count of simulation iterations falling in that bin."
"Expect In-Party Loss","Without Controls","[-0.28,-0.255]",2,-0.278669,1473.6385,"Liberal Democratic Norms Index (0-1)","No","Each row is one histogram bin. Bin_Midpoint = mean estimate within the bin. N_draws = count of simulation iterations falling in that bin."
"Expect In-Party Loss","Without Controls","(-0.255,-0.231]",2,-0.240866,1090.858637,"Liberal Democratic Norms Index (0-1)","No","Each row is one histogram bin. Bin_Midpoint = mean estimate within the bin. N_draws = count of simulation iterations falling in that bin."
"Expect In-Party Loss","Without Controls","(-0.207,-0.183]",2,-0.192455,156.707492,"Liberal Democratic Norms Index (0-1)","No","Each row is one histogram bin. Bin_Midpoint = mean estimate within the bin. N_draws = count of simulation iterations falling in that bin."
"Expect In-Party Loss","Without Controls","(-0.183,-0.159]",2,-0.175576,18110.218895,"Liberal Democratic Norms Index (0-1)","No","Each row is one histogram bin. Bin_Midpoint = mean estimate within the bin. N_draws = count of simulation iterations falling in that bin."
"Expect In-Party Loss","Without Controls","(-0.135,-0.111]",2,-0.126546,169.979647,"Liberal Democratic Norms Index (0-1)","No","Each row is one histogram bin. Bin_Midpoint = mean estimate within the bin. N_draws = count of simulation iterations falling in that bin."
"Expect In-Party Loss","Without Controls","(-0.111,-0.0866]",2,-0.098409,115.442272,"Liberal Democratic Norms Index (0-1)","No","Each row is one histogram bin. Bin_Midpoint = mean estimate within the bin. N_draws = count of simulation iterations falling in that bin."
"Expect In-Party Loss","Without Controls","(-0.0866,-0.0626]",2,-0.064274,4230.023748,"Liberal Democratic Norms Index (0-1)","No","Each row is one histogram bin. Bin_Midpoint = mean estimate within the bin. N_draws = count of simulation iterations falling in that bin."
"Expect In-Party Loss","Without Controls","(-0.0626,-0.0385]",2,-0.048922,108.186629,"Liberal Democratic Norms Index (0-1)","No","Each row is one histogram bin. Bin_Midpoint = mean estimate within the bin. N_draws = count of simulation iterations falling in that bin."
"Expect In-Party Loss","Without Controls","(-0.0385,-0.0144]",4,-0.029235,267.831931,"Liberal Democratic Norms Index (0-1)","No","Each row is one histogram bin. Bin_Midpoint = mean estimate within the bin. N_draws = count of simulation iterations falling in that bin."
"Expect In-Party Loss","Without Controls","(-0.0144,0.0097]",2,-0.000439,272.365824,"Liberal Democratic Norms Index (0-1)","No","Each row is one histogram bin. Bin_Midpoint = mean estimate within the bin. N_draws = count of simulation iterations falling in that bin."
"Expect In-Party Loss","Without Controls","(0.0097,0.0338]",4,0.02467,437.63554,"Liberal Democratic Norms Index (0-1)","No","Each row is one histogram bin. Bin_Midpoint = mean estimate within the bin. N_draws = count of simulation iterations falling in that bin."
"Expect In-Party Loss","Without Controls","(0.0338,0.0579]",3,0.041694,216.68303,"Liberal Democratic Norms Index (0-1)","No","Each row is one histogram bin. Bin_Midpoint = mean estimate within the bin. N_draws = count of simulation iterations falling in that bin."
"Expect In-Party Loss","Without Controls","(0.0579,0.082]",4,0.065842,349.870236,"Liberal Democratic Norms Index (0-1)","No","Each row is one histogram bin. Bin_Midpoint = mean estimate within the bin. N_draws = count of simulation iterations falling in that bin."
"Expect In-Party Loss","Without Controls","(0.082,0.106]",8,0.093378,502.967739,"Liberal Democratic Norms Index (0-1)","No","Each row is one histogram bin. Bin_Midpoint = mean estimate within the bin. N_draws = count of simulation iterations falling in that bin."
"Expect In-Party Loss","Without Controls","(0.106,0.13]",5,0.119081,257.328655,"Liberal Democratic Norms Index (0-1)","No","Each row is one histogram bin. Bin_Midpoint = mean estimate within the bin. N_draws = count of simulation iterations falling in that bin."
"Expect In-Party Loss","Without Controls","(0.13,0.154]",14,0.141661,667.562609,"Liberal Democratic Norms Index (0-1)","No","Each row is one histogram bin. Bin_Midpoint = mean estimate within the bin. N_draws = count of simulation iterations falling in that bin."
"Expect In-Party Loss","Without Controls","(0.154,0.178]",6,0.164329,390.290192,"Liberal Democratic Norms Index (0-1)","No","Each row is one histogram bin. Bin_Midpoint = mean estimate within the bin. N_draws = count of simulation iterations falling in that bin."
"Expect In-Party Loss","Without Controls","(0.178,0.202]",10,0.187025,900.507187,"Liberal Democratic Norms Index (0-1)","No","Each row is one histogram bin. Bin_Midpoint = mean estimate within the bin. N_draws = count of simulation iterations falling in that bin."
"Expect In-Party Loss","Without Controls","(0.202,0.226]",6,0.221303,466.438826,"Liberal Democratic Norms Index (0-1)","No","Each row is one histogram bin. Bin_Midpoint = mean estimate within the bin. N_draws = count of simulation iterations falling in that bin."
"Expect In-Party Loss","Without Controls","(0.226,0.251]",8,0.237944,385.542589,"Liberal Democratic Norms Index (0-1)","No","Each row is one histogram bin. Bin_Midpoint = mean estimate within the bin. N_draws = count of simulation iterations falling in that bin."
"Expect In-Party Loss","Without Controls","(0.251,0.275]",4,0.258168,332.627961,"Liberal Democratic Norms Index (0-1)","No","Each row is one histogram bin. Bin_Midpoint = mean estimate within the bin. N_draws = count of simulation iterations falling in that bin."
"Expect In-Party Loss","Without Controls","(0.299,0.323]",3,0.313462,161.64907,"Liberal Democratic Norms Index (0-1)","No","Each row is one histogram bin. Bin_Midpoint = mean estimate within the bin. N_draws = count of simulation iterations falling in that bin."
"Expect In-Party Loss","Without Controls","(0.323,0.347]",2,0.333819,95.744316,"Liberal Democratic Norms Index (0-1)","No","Each row is one histogram bin. Bin_Midpoint = mean estimate within the bin. N_draws = count of simulation iterations falling in that bin."
"Expect In-Party Loss","Without Controls","(0.419,0.444]",1,0.443273,Inf,"Liberal Democratic Norms Index (0-1)","No","Each row is one histogram bin. Bin_Midpoint = mean estimate within the bin. N_draws = count of simulation iterations falling in that bin."
"Expect In-Party Win","With Controls","[-0.0759,-0.0657]",2,-0.075152,2379.248738,"Liberal Democratic Norms Index (0-1)","No","Each row is one histogram bin. Bin_Midpoint = mean estimate within the bin. N_draws = count of simulation iterations falling in that bin."
"Expect In-Party Win","With Controls","(-0.0458,-0.0359]",1,-0.042534,Inf,"Liberal Democratic Norms Index (0-1)","No","Each row is one histogram bin. Bin_Midpoint = mean estimate within the bin. N_draws = count of simulation iterations falling in that bin."
"Expect In-Party Win","With Controls","(-0.0359,-0.026]",1,-0.026327,Inf,"Liberal Democratic Norms Index (0-1)","No","Each row is one histogram bin. Bin_Midpoint = mean estimate within the bin. N_draws = count of simulation iterations falling in that bin."
"Expect In-Party Win","With Controls","(-0.026,-0.0161]",1,-0.025049,Inf,"Liberal Democratic Norms Index (0-1)","No","Each row is one histogram bin. Bin_Midpoint = mean estimate within the bin. N_draws = count of simulation iterations falling in that bin."
"Expect In-Party Win","With Controls","(-0.0161,-0.00621]",1,-0.007195,Inf,"Liberal Democratic Norms Index (0-1)","No","Each row is one histogram bin. Bin_Midpoint = mean estimate within the bin. N_draws = count of simulation iterations falling in that bin."
"Expect In-Party Win","With Controls","(-0.00621,0.0037]",2,0.001642,14948.879324,"Liberal Democratic Norms Index (0-1)","No","Each row is one histogram bin. Bin_Midpoint = mean estimate within the bin. N_draws = count of simulation iterations falling in that bin."
"Expect In-Party Win","With Controls","(0.0037,0.0136]",3,0.008268,365.122036,"Liberal Democratic Norms Index (0-1)","No","Each row is one histogram bin. Bin_Midpoint = mean estimate within the bin. N_draws = count of simulation iterations falling in that bin."
"Expect In-Party Win","With Controls","(0.0235,0.0334]",1,0.025748,Inf,"Liberal Democratic Norms Index (0-1)","No","Each row is one histogram bin. Bin_Midpoint = mean estimate within the bin. N_draws = count of simulation iterations falling in that bin."
"Expect In-Party Win","With Controls","(0.0334,0.0433]",4,0.038817,446.537341,"Liberal Democratic Norms Index (0-1)","No","Each row is one histogram bin. Bin_Midpoint = mean estimate within the bin. N_draws = count of simulation iterations falling in that bin."
"Expect In-Party Win","With Controls","(0.0433,0.0532]",6,0.048943,630.048066,"Liberal Democratic Norms Index (0-1)","No","Each row is one histogram bin. Bin_Midpoint = mean estimate within the bin. N_draws = count of simulation iterations falling in that bin."
"Expect In-Party Win","With Controls","(0.0532,0.0632]",6,0.059364,741.071393,"Liberal Democratic Norms Index (0-1)","No","Each row is one histogram bin. Bin_Midpoint = mean estimate within the bin. N_draws = count of simulation iterations falling in that bin."
"Expect In-Party Win","With Controls","(0.0632,0.0731]",10,0.068181,1154.390912,"Liberal Democratic Norms Index (0-1)","No","Each row is one histogram bin. Bin_Midpoint = mean estimate within the bin. N_draws = count of simulation iterations falling in that bin."
"Expect In-Party Win","With Controls","(0.0731,0.083]",12,0.077675,1366.050712,"Liberal Democratic Norms Index (0-1)","No","Each row is one histogram bin. Bin_Midpoint = mean estimate within the bin. N_draws = count of simulation iterations falling in that bin."
"Expect In-Party Win","With Controls","(0.083,0.0929]",5,0.090081,734.799702,"Liberal Democratic Norms Index (0-1)","No","Each row is one histogram bin. Bin_Midpoint = mean estimate within the bin. N_draws = count of simulation iterations falling in that bin."
"Expect In-Party Win","With Controls","(0.0929,0.103]",6,0.09775,993.087797,"Liberal Democratic Norms Index (0-1)","No","Each row is one histogram bin. Bin_Midpoint = mean estimate within the bin. N_draws = count of simulation iterations falling in that bin."
"Expect In-Party Win","With Controls","(0.103,0.113]",6,0.107669,837.218092,"Liberal Democratic Norms Index (0-1)","No","Each row is one histogram bin. Bin_Midpoint = mean estimate within the bin. N_draws = count of simulation iterations falling in that bin."
"Expect In-Party Win","With Controls","(0.113,0.123]",7,0.117758,879.525865,"Liberal Democratic Norms Index (0-1)","No","Each row is one histogram bin. Bin_Midpoint = mean estimate within the bin. N_draws = count of simulation iterations falling in that bin."
"Expect In-Party Win","With Controls","(0.123,0.133]",6,0.12709,848.968285,"Liberal Democratic Norms Index (0-1)","No","Each row is one histogram bin. Bin_Midpoint = mean estimate within the bin. N_draws = count of simulation iterations falling in that bin."
"Expect In-Party Win","With Controls","(0.133,0.142]",2,0.136809,234.061299,"Liberal Democratic Norms Index (0-1)","No","Each row is one histogram bin. Bin_Midpoint = mean estimate within the bin. N_draws = count of simulation iterations falling in that bin."
"Expect In-Party Win","With Controls","(0.142,0.152]",6,0.147298,779.596614,"Liberal Democratic Norms Index (0-1)","No","Each row is one histogram bin. Bin_Midpoint = mean estimate within the bin. N_draws = count of simulation iterations falling in that bin."
"Expect In-Party Win","With Controls","(0.152,0.162]",1,0.15719,Inf,"Liberal Democratic Norms Index (0-1)","No","Each row is one histogram bin. Bin_Midpoint = mean estimate within the bin. N_draws = count of simulation iterations falling in that bin."
"Expect In-Party Win","With Controls","(0.162,0.172]",4,0.168173,516.301245,"Liberal Democratic Norms Index (0-1)","No","Each row is one histogram bin. Bin_Midpoint = mean estimate within the bin. N_draws = count of simulation iterations falling in that bin."
"Expect In-Party Win","With Controls","(0.172,0.182]",2,0.180361,6479.740983,"Liberal Democratic Norms Index (0-1)","No","Each row is one histogram bin. Bin_Midpoint = mean estimate within the bin. N_draws = count of simulation iterations falling in that bin."
"Expect In-Party Win","With Controls","(0.182,0.192]",2,0.186544,1025.061697,"Liberal Democratic Norms Index (0-1)","No","Each row is one histogram bin. Bin_Midpoint = mean estimate within the bin. N_draws = count of simulation iterations falling in that bin."
"Expect In-Party Win","With Controls","(0.192,0.202]",2,0.198475,591.846574,"Liberal Democratic Norms Index (0-1)","No","Each row is one histogram bin. Bin_Midpoint = mean estimate within the bin. N_draws = count of simulation iterations falling in that bin."
"Expect In-Party Win","With Controls","(0.212,0.222]",1,0.221699,Inf,"Liberal Democratic Norms Index (0-1)","No","Each row is one histogram bin. Bin_Midpoint = mean estimate within the bin. N_draws = count of simulation iterations falling in that bin."
"Expect In-Party Win","Without Controls","[-0.112,-0.1]",1,-0.111236,Inf,"Liberal Democratic Norms Index (0-1)","No","Each row is one histogram bin. Bin_Midpoint = mean estimate within the bin. N_draws = count of simulation iterations falling in that bin."
"Expect In-Party Win","Without Controls","(-0.0898,-0.079]",1,-0.079823,Inf,"Liberal Democratic Norms Index (0-1)","No","Each row is one histogram bin. Bin_Midpoint = mean estimate within the bin. N_draws = count of simulation iterations falling in that bin."
"Expect In-Party Win","Without Controls","(-0.0683,-0.0575]",1,-0.064931,Inf,"Liberal Democratic Norms Index (0-1)","No","Each row is one histogram bin. Bin_Midpoint = mean estimate within the bin. N_draws = count of simulation iterations falling in that bin."
"Expect In-Party Win","Without Controls","(-0.0468,-0.0361]",1,-0.04484,Inf,"Liberal Democratic Norms Index (0-1)","No","Each row is one histogram bin. Bin_Midpoint = mean estimate within the bin. N_draws = count of simulation iterations falling in that bin."
"Expect In-Party Win","Without Controls","(-0.0361,-0.0253]",1,-0.035763,Inf,"Liberal Democratic Norms Index (0-1)","No","Each row is one histogram bin. Bin_Midpoint = mean estimate within the bin. N_draws = count of simulation iterations falling in that bin."
"Expect In-Party Win","Without Controls","(-0.0146,-0.00385]",1,-0.010275,Inf,"Liberal Democratic Norms Index (0-1)","No","Each row is one histogram bin. Bin_Midpoint = mean estimate within the bin. N_draws = count of simulation iterations falling in that bin."
"Expect In-Party Win","Without Controls","(-0.00385,0.00689]",4,-0.001111,1756.973913,"Liberal Democratic Norms Index (0-1)","No","Each row is one histogram bin. Bin_Midpoint = mean estimate within the bin. N_draws = count of simulation iterations falling in that bin."
"Expect In-Party Win","Without Controls","(0.00689,0.0176]",2,0.009375,502.894916,"Liberal Democratic Norms Index (0-1)","No","Each row is one histogram bin. Bin_Midpoint = mean estimate within the bin. N_draws = count of simulation iterations falling in that bin."
"Expect In-Party Win","Without Controls","(0.0176,0.0284]",2,0.023038,423.514229,"Liberal Democratic Norms Index (0-1)","No","Each row is one histogram bin. Bin_Midpoint = mean estimate within the bin. N_draws = count of simulation iterations falling in that bin."
"Expect In-Party Win","Without Controls","(0.0284,0.0391]",2,0.031612,681.292994,"Liberal Democratic Norms Index (0-1)","No","Each row is one histogram bin. Bin_Midpoint = mean estimate within the bin. N_draws = count of simulation iterations falling in that bin."
"Expect In-Party Win","Without Controls","(0.0391,0.0498]",5,0.043694,1167.075853,"Liberal Democratic Norms Index (0-1)","No","Each row is one histogram bin. Bin_Midpoint = mean estimate within the bin. N_draws = count of simulation iterations falling in that bin."
"Expect In-Party Win","Without Controls","(0.0606,0.0713]",8,0.066093,868.038915,"Liberal Democratic Norms Index (0-1)","No","Each row is one histogram bin. Bin_Midpoint = mean estimate within the bin. N_draws = count of simulation iterations falling in that bin."
"Expect In-Party Win","Without Controls","(0.0713,0.0821]",12,0.077018,1158.192581,"Liberal Democratic Norms Index (0-1)","No","Each row is one histogram bin. Bin_Midpoint = mean estimate within the bin. N_draws = count of simulation iterations falling in that bin."
"Expect In-Party Win","Without Controls","(0.0821,0.0928]",6,0.087239,895.978958,"Liberal Democratic Norms Index (0-1)","No","Each row is one histogram bin. Bin_Midpoint = mean estimate within the bin. N_draws = count of simulation iterations falling in that bin."
"Expect In-Party Win","Without Controls","(0.0928,0.104]",7,0.09926,899.71448,"Liberal Democratic Norms Index (0-1)","No","Each row is one histogram bin. Bin_Midpoint = mean estimate within the bin. N_draws = count of simulation iterations falling in that bin."
"Expect In-Party Win","Without Controls","(0.104,0.114]",9,0.10952,885.637001,"Liberal Democratic Norms Index (0-1)","No","Each row is one histogram bin. Bin_Midpoint = mean estimate within the bin. N_draws = count of simulation iterations falling in that bin."
"Expect In-Party Win","Without Controls","(0.114,0.125]",5,0.119491,782.550347,"Liberal Democratic Norms Index (0-1)","No","Each row is one histogram bin. Bin_Midpoint = mean estimate within the bin. N_draws = count of simulation iterations falling in that bin."
"Expect In-Party Win","Without Controls","(0.125,0.136]",6,0.129332,666.786949,"Liberal Democratic Norms Index (0-1)","No","Each row is one histogram bin. Bin_Midpoint = mean estimate within the bin. N_draws = count of simulation iterations falling in that bin."
"Expect In-Party Win","Without Controls","(0.136,0.146]",10,0.139851,1214.677429,"Liberal Democratic Norms Index (0-1)","No","Each row is one histogram bin. Bin_Midpoint = mean estimate within the bin. N_draws = count of simulation iterations falling in that bin."
"Expect In-Party Win","Without Controls","(0.146,0.157]",5,0.150788,689.62717,"Liberal Democratic Norms Index (0-1)","No","Each row is one histogram bin. Bin_Midpoint = mean estimate within the bin. N_draws = count of simulation iterations falling in that bin."
"Expect In-Party Win","Without Controls","(0.157,0.168]",4,0.161259,386.928753,"Liberal Democratic Norms Index (0-1)","No","Each row is one histogram bin. Bin_Midpoint = mean estimate within the bin. N_draws = count of simulation iterations falling in that bin."
"Expect In-Party Win","Without Controls","(0.168,0.179]",1,0.176593,Inf,"Liberal Democratic Norms Index (0-1)","No","Each row is one histogram bin. Bin_Midpoint = mean estimate within the bin. N_draws = count of simulation iterations falling in that bin."
"Expect In-Party Win","Without Controls","(0.179,0.189]",4,0.185094,1637.577292,"Liberal Democratic Norms Index (0-1)","No","Each row is one histogram bin. Bin_Midpoint = mean estimate within the bin. N_draws = count of simulation iterations falling in that bin."
"Expect In-Party Win","Without Controls","(0.189,0.2]",1,0.191766,Inf,"Liberal Democratic Norms Index (0-1)","No","Each row is one histogram bin. Bin_Midpoint = mean estimate within the bin. N_draws = count of simulation iterations falling in that bin."
"Expect In-Party Win","Without Controls","(0.2,0.211]",1,0.210926,Inf,"Liberal Democratic Norms Index (0-1)","No","Each row is one histogram bin. Bin_Midpoint = mean estimate within the bin. N_draws = count of simulation iterations falling in that bin."
"Full Sample","With Controls","[-0.0526,-0.0454]",1,-0.05235,Inf,"Liberal Democratic Norms Index (0-1)","No","Each row is one histogram bin. Bin_Midpoint = mean estimate within the bin. N_draws = count of simulation iterations falling in that bin."
"Full Sample","With Controls","(-0.0454,-0.0385]",1,-0.038689,Inf,"Liberal Democratic Norms Index (0-1)","No","Each row is one histogram bin. Bin_Midpoint = mean estimate within the bin. N_draws = count of simulation iterations falling in that bin."
"Full Sample","With Controls","(-0.0316,-0.0247]",1,-0.030833,Inf,"Liberal Democratic Norms Index (0-1)","No","Each row is one histogram bin. Bin_Midpoint = mean estimate within the bin. N_draws = count of simulation iterations falling in that bin."
"Full Sample","With Controls","(-0.0247,-0.0178]",2,-0.021218,310.138622,"Liberal Democratic Norms Index (0-1)","No","Each row is one histogram bin. Bin_Midpoint = mean estimate within the bin. N_draws = count of simulation iterations falling in that bin."
"Full Sample","With Controls","(-0.0178,-0.0109]",2,-0.013075,711.133738,"Liberal Democratic Norms Index (0-1)","No","Each row is one histogram bin. Bin_Midpoint = mean estimate within the bin. N_draws = count of simulation iterations falling in that bin."
"Full Sample","With Controls","(-0.0109,-0.00399]",3,-0.006026,1381.651089,"Liberal Democratic Norms Index (0-1)","No","Each row is one histogram bin. Bin_Midpoint = mean estimate within the bin. N_draws = count of simulation iterations falling in that bin."
"Full Sample","With Controls","(-0.00399,0.00292]",2,0.000465,1189.365542,"Liberal Democratic Norms Index (0-1)","No","Each row is one histogram bin. Bin_Midpoint = mean estimate within the bin. N_draws = count of simulation iterations falling in that bin."
"Full Sample","With Controls","(0.00292,0.00982]",2,0.00571,937.474195,"Liberal Democratic Norms Index (0-1)","No","Each row is one histogram bin. Bin_Midpoint = mean estimate within the bin. N_draws = count of simulation iterations falling in that bin."
"Full Sample","With Controls","(0.00982,0.0167]",9,0.012445,1964.983706,"Liberal Democratic Norms Index (0-1)","No","Each row is one histogram bin. Bin_Midpoint = mean estimate within the bin. N_draws = count of simulation iterations falling in that bin."
"Full Sample","With Controls","(0.0167,0.0236]",9,0.018889,1476.300226,"Liberal Democratic Norms Index (0-1)","No","Each row is one histogram bin. Bin_Midpoint = mean estimate within the bin. N_draws = count of simulation iterations falling in that bin."
"Full Sample","With Controls","(0.0236,0.0305]",2,0.029139,7929.944124,"Liberal Democratic Norms Index (0-1)","No","Each row is one histogram bin. Bin_Midpoint = mean estimate within the bin. N_draws = count of simulation iterations falling in that bin."
"Full Sample","With Controls","(0.0305,0.0375]",7,0.032483,2138.279319,"Liberal Democratic Norms Index (0-1)","No","Each row is one histogram bin. Bin_Midpoint = mean estimate within the bin. N_draws = count of simulation iterations falling in that bin."
"Full Sample","With Controls","(0.0375,0.0444]",11,0.040304,1746.233395,"Liberal Democratic Norms Index (0-1)","No","Each row is one histogram bin. Bin_Midpoint = mean estimate within the bin. N_draws = count of simulation iterations falling in that bin."
"Full Sample","With Controls","(0.0444,0.0513]",7,0.046691,1065.356201,"Liberal Democratic Norms Index (0-1)","No","Each row is one histogram bin. Bin_Midpoint = mean estimate within the bin. N_draws = count of simulation iterations falling in that bin."
"Full Sample","With Controls","(0.0513,0.0582]",9,0.05545,1622.226939,"Liberal Democratic Norms Index (0-1)","No","Each row is one histogram bin. Bin_Midpoint = mean estimate within the bin. N_draws = count of simulation iterations falling in that bin."
"Full Sample","With Controls","(0.0582,0.0651]",7,0.062005,1388.128035,"Liberal Democratic Norms Index (0-1)","No","Each row is one histogram bin. Bin_Midpoint = mean estimate within the bin. N_draws = count of simulation iterations falling in that bin."
"Full Sample","With Controls","(0.0651,0.072]",4,0.066968,5449.263803,"Liberal Democratic Norms Index (0-1)","No","Each row is one histogram bin. Bin_Midpoint = mean estimate within the bin. N_draws = count of simulation iterations falling in that bin."
"Full Sample","With Controls","(0.072,0.0789]",5,0.075905,819.725121,"Liberal Democratic Norms Index (0-1)","No","Each row is one histogram bin. Bin_Midpoint = mean estimate within the bin. N_draws = count of simulation iterations falling in that bin."
"Full Sample","With Controls","(0.0789,0.0858]",3,0.081838,451.30033,"Liberal Democratic Norms Index (0-1)","No","Each row is one histogram bin. Bin_Midpoint = mean estimate within the bin. N_draws = count of simulation iterations falling in that bin."
"Full Sample","With Controls","(0.0858,0.0927]",1,0.091473,Inf,"Liberal Democratic Norms Index (0-1)","No","Each row is one histogram bin. Bin_Midpoint = mean estimate within the bin. N_draws = count of simulation iterations falling in that bin."
"Full Sample","With Controls","(0.0927,0.0996]",2,0.098149,701.151145,"Liberal Democratic Norms Index (0-1)","No","Each row is one histogram bin. Bin_Midpoint = mean estimate within the bin. N_draws = count of simulation iterations falling in that bin."
"Full Sample","With Controls","(0.0996,0.107]",1,0.10284,Inf,"Liberal Democratic Norms Index (0-1)","No","Each row is one histogram bin. Bin_Midpoint = mean estimate within the bin. N_draws = count of simulation iterations falling in that bin."
"Full Sample","With Controls","(0.107,0.113]",3,0.10971,495.842543,"Liberal Democratic Norms Index (0-1)","No","Each row is one histogram bin. Bin_Midpoint = mean estimate within the bin. N_draws = count of simulation iterations falling in that bin."
"Full Sample","With Controls","(0.113,0.12]",2,0.115192,15951.608267,"Liberal Democratic Norms Index (0-1)","No","Each row is one histogram bin. Bin_Midpoint = mean estimate within the bin. N_draws = count of simulation iterations falling in that bin."
"Full Sample","With Controls","(0.12,0.127]",3,0.125085,632.609003,"Liberal Democratic Norms Index (0-1)","No","Each row is one histogram bin. Bin_Midpoint = mean estimate within the bin. N_draws = count of simulation iterations falling in that bin."
"Full Sample","With Controls","(0.148,0.155]",1,0.154898,Inf,"Liberal Democratic Norms Index (0-1)","No","Each row is one histogram bin. Bin_Midpoint = mean estimate within the bin. N_draws = count of simulation iterations falling in that bin."
"Full Sample","Without Controls","[-0.0861,-0.0774]",1,-0.085853,Inf,"Liberal Democratic Norms Index (0-1)","No","Each row is one histogram bin. Bin_Midpoint = mean estimate within the bin. N_draws = count of simulation iterations falling in that bin."
"Full Sample","Without Controls","(-0.0606,-0.0521]",2,-0.053534,1152.119948,"Liberal Democratic Norms Index (0-1)","No","Each row is one histogram bin. Bin_Midpoint = mean estimate within the bin. N_draws = count of simulation iterations falling in that bin."
"Full Sample","Without Controls","(-0.0521,-0.0437]",2,-0.045711,1650.445079,"Liberal Democratic Norms Index (0-1)","No","Each row is one histogram bin. Bin_Midpoint = mean estimate within the bin. N_draws = count of simulation iterations falling in that bin."
"Full Sample","Without Controls","(-0.0437,-0.0353]",2,-0.036934,904.173179,"Liberal Democratic Norms Index (0-1)","No","Each row is one histogram bin. Bin_Midpoint = mean estimate within the bin. N_draws = count of simulation iterations falling in that bin."
"Full Sample","Without Controls","(-0.0353,-0.0269]",2,-0.028687,2865.536433,"Liberal Democratic Norms Index (0-1)","No","Each row is one histogram bin. Bin_Midpoint = mean estimate within the bin. N_draws = count of simulation iterations falling in that bin."
"Full Sample","Without Controls","(-0.0184,-0.01]",4,-0.012533,701.407115,"Liberal Democratic Norms Index (0-1)","No","Each row is one histogram bin. Bin_Midpoint = mean estimate within the bin. N_draws = count of simulation iterations falling in that bin."
"Full Sample","Without Controls","(-0.01,-0.00158]",5,-0.007793,1167.68874,"Liberal Democratic Norms Index (0-1)","No","Each row is one histogram bin. Bin_Midpoint = mean estimate within the bin. N_draws = count of simulation iterations falling in that bin."
"Full Sample","Without Controls","(-0.00158,0.00685]",6,0.001456,1084.285083,"Liberal Democratic Norms Index (0-1)","No","Each row is one histogram bin. Bin_Midpoint = mean estimate within the bin. N_draws = count of simulation iterations falling in that bin."
"Full Sample","Without Controls","(0.00685,0.0153]",13,0.01036,1791.081964,"Liberal Democratic Norms Index (0-1)","No","Each row is one histogram bin. Bin_Midpoint = mean estimate within the bin. N_draws = count of simulation iterations falling in that bin."
"Full Sample","Without Controls","(0.0153,0.0237]",8,0.021018,1596.233545,"Liberal Democratic Norms Index (0-1)","No","Each row is one histogram bin. Bin_Midpoint = mean estimate within the bin. N_draws = count of simulation iterations falling in that bin."
"Full Sample","Without Controls","(0.0237,0.0321]",8,0.028153,982.158989,"Liberal Democratic Norms Index (0-1)","No","Each row is one histogram bin. Bin_Midpoint = mean estimate within the bin. N_draws = count of simulation iterations falling in that bin."
"Full Sample","Without Controls","(0.0321,0.0406]",4,0.036669,664.986204,"Liberal Democratic Norms Index (0-1)","No","Each row is one histogram bin. Bin_Midpoint = mean estimate within the bin. N_draws = count of simulation iterations falling in that bin."
"Full Sample","Without Controls","(0.0406,0.049]",13,0.044603,2221.527687,"Liberal Democratic Norms Index (0-1)","No","Each row is one histogram bin. Bin_Midpoint = mean estimate within the bin. N_draws = count of simulation iterations falling in that bin."
"Full Sample","Without Controls","(0.049,0.0574]",6,0.052584,908.32912,"Liberal Democratic Norms Index (0-1)","No","Each row is one histogram bin. Bin_Midpoint = mean estimate within the bin. N_draws = count of simulation iterations falling in that bin."
"Full Sample","Without Controls","(0.0574,0.0658]",4,0.060185,548.511338,"Liberal Democratic Norms Index (0-1)","No","Each row is one histogram bin. Bin_Midpoint = mean estimate within the bin. N_draws = count of simulation iterations falling in that bin."
"Full Sample","Without Controls","(0.0658,0.0743]",3,0.072167,652.230447,"Liberal Democratic Norms Index (0-1)","No","Each row is one histogram bin. Bin_Midpoint = mean estimate within the bin. N_draws = count of simulation iterations falling in that bin."
"Full Sample","Without Controls","(0.0743,0.0827]",4,0.079232,846.891696,"Liberal Democratic Norms Index (0-1)","No","Each row is one histogram bin. Bin_Midpoint = mean estimate within the bin. N_draws = count of simulation iterations falling in that bin."
"Full Sample","Without Controls","(0.0827,0.0911]",3,0.087163,3196.384916,"Liberal Democratic Norms Index (0-1)","No","Each row is one histogram bin. Bin_Midpoint = mean estimate within the bin. N_draws = count of simulation iterations falling in that bin."
"Full Sample","Without Controls","(0.0911,0.0995]",3,0.09476,661.309808,"Liberal Democratic Norms Index (0-1)","No","Each row is one histogram bin. Bin_Midpoint = mean estimate within the bin. N_draws = count of simulation iterations falling in that bin."
"Full Sample","Without Controls","(0.0995,0.108]",2,0.105017,465.920508,"Liberal Democratic Norms Index (0-1)","No","Each row is one histogram bin. Bin_Midpoint = mean estimate within the bin. N_draws = count of simulation iterations falling in that bin."
"Full Sample","Without Controls","(0.108,0.116]",1,0.116334,Inf,"Liberal Democratic Norms Index (0-1)","No","Each row is one histogram bin. Bin_Midpoint = mean estimate within the bin. N_draws = count of simulation iterations falling in that bin."
"Full Sample","Without Controls","(0.125,0.133]",3,0.130235,1073.402784,"Liberal Democratic Norms Index (0-1)","No","Each row is one histogram bin. Bin_Midpoint = mean estimate within the bin. N_draws = count of simulation iterations falling in that bin."
"Full Sample","Without Controls","(0.159,0.167]",1,0.166966,Inf,"Liberal Democratic Norms Index (0-1)","No","Each row is one histogram bin. Bin_Midpoint = mean estimate within the bin. N_draws = count of simulation iterations falling in that bin."
"Independents","With Controls","[-0.163,-0.154]",2,-0.160932,494.141793,"Liberal Democratic Norms Index (0-1)","No","Each row is one histogram bin. Bin_Midpoint = mean estimate within the bin. N_draws = count of simulation iterations falling in that bin."
"Independents","With Controls","(-0.144,-0.135]",1,-0.140549,Inf,"Liberal Democratic Norms Index (0-1)","No","Each row is one histogram bin. Bin_Midpoint = mean estimate within the bin. N_draws = count of simulation iterations falling in that bin."
"Independents","With Controls","(-0.126,-0.117]",3,-0.120535,812.49082,"Liberal Democratic Norms Index (0-1)","No","Each row is one histogram bin. Bin_Midpoint = mean estimate within the bin. N_draws = count of simulation iterations falling in that bin."
"Independents","With Controls","(-0.107,-0.0981]",1,-0.10494,Inf,"Liberal Democratic Norms Index (0-1)","No","Each row is one histogram bin. Bin_Midpoint = mean estimate within the bin. N_draws = count of simulation iterations falling in that bin."
"Independents","With Controls","(-0.0981,-0.0889]",3,-0.090191,1179.983217,"Liberal Democratic Norms Index (0-1)","No","Each row is one histogram bin. Bin_Midpoint = mean estimate within the bin. N_draws = count of simulation iterations falling in that bin."
"Independents","With Controls","(-0.0889,-0.0796]",4,-0.084809,742.208086,"Liberal Democratic Norms Index (0-1)","No","Each row is one histogram bin. Bin_Midpoint = mean estimate within the bin. N_draws = count of simulation iterations falling in that bin."
"Independents","With Controls","(-0.0796,-0.0703]",6,-0.076236,747.519373,"Liberal Democratic Norms Index (0-1)","No","Each row is one histogram bin. Bin_Midpoint = mean estimate within the bin. N_draws = count of simulation iterations falling in that bin."
"Independents","With Controls","(-0.0703,-0.0611]",4,-0.067129,915.251032,"Liberal Democratic Norms Index (0-1)","No","Each row is one histogram bin. Bin_Midpoint = mean estimate within the bin. N_draws = count of simulation iterations falling in that bin."
"Independents","With Controls","(-0.0611,-0.0518]",9,-0.056743,1027.535697,"Liberal Democratic Norms Index (0-1)","No","Each row is one histogram bin. Bin_Midpoint = mean estimate within the bin. N_draws = count of simulation iterations falling in that bin."
"Independents","With Controls","(-0.0518,-0.0425]",5,-0.047043,674.769073,"Liberal Democratic Norms Index (0-1)","No","Each row is one histogram bin. Bin_Midpoint = mean estimate within the bin. N_draws = count of simulation iterations falling in that bin."
"Independents","With Controls","(-0.0425,-0.0333]",8,-0.038785,1188.783889,"Liberal Democratic Norms Index (0-1)","No","Each row is one histogram bin. Bin_Midpoint = mean estimate within the bin. N_draws = count of simulation iterations falling in that bin."
"Independents","With Controls","(-0.0333,-0.024]",5,-0.028287,737.374162,"Liberal Democratic Norms Index (0-1)","No","Each row is one histogram bin. Bin_Midpoint = mean estimate within the bin. N_draws = count of simulation iterations falling in that bin."
"Independents","With Controls","(-0.024,-0.0148]",1,-0.017523,Inf,"Liberal Democratic Norms Index (0-1)","No","Each row is one histogram bin. Bin_Midpoint = mean estimate within the bin. N_draws = count of simulation iterations falling in that bin."
"Independents","With Controls","(-0.0148,-0.00549]",7,-0.010382,1046.440167,"Liberal Democratic Norms Index (0-1)","No","Each row is one histogram bin. Bin_Midpoint = mean estimate within the bin. N_draws = count of simulation iterations falling in that bin."
"Independents","With Controls","(-0.00549,0.00377]",5,-0.00302,1512.827965,"Liberal Democratic Norms Index (0-1)","No","Each row is one histogram bin. Bin_Midpoint = mean estimate within the bin. N_draws = count of simulation iterations falling in that bin."
"Independents","With Controls","(0.00377,0.013]",7,0.009133,900.421632,"Liberal Democratic Norms Index (0-1)","No","Each row is one histogram bin. Bin_Midpoint = mean estimate within the bin. N_draws = count of simulation iterations falling in that bin."
"Independents","With Controls","(0.013,0.0223]",5,0.015393,836.543919,"Liberal Democratic Norms Index (0-1)","No","Each row is one histogram bin. Bin_Midpoint = mean estimate within the bin. N_draws = count of simulation iterations falling in that bin."
"Independents","With Controls","(0.0223,0.0316]",3,0.028774,1167.128071,"Liberal Democratic Norms Index (0-1)","No","Each row is one histogram bin. Bin_Midpoint = mean estimate within the bin. N_draws = count of simulation iterations falling in that bin."
"Independents","With Controls","(0.0316,0.0408]",7,0.035769,1231.921001,"Liberal Democratic Norms Index (0-1)","No","Each row is one histogram bin. Bin_Midpoint = mean estimate within the bin. N_draws = count of simulation iterations falling in that bin."
"Independents","With Controls","(0.0408,0.0501]",4,0.043709,715.182375,"Liberal Democratic Norms Index (0-1)","No","Each row is one histogram bin. Bin_Midpoint = mean estimate within the bin. N_draws = count of simulation iterations falling in that bin."
"Independents","With Controls","(0.0501,0.0593]",1,0.051942,Inf,"Liberal Democratic Norms Index (0-1)","No","Each row is one histogram bin. Bin_Midpoint = mean estimate within the bin. N_draws = count of simulation iterations falling in that bin."
"Independents","With Controls","(0.0593,0.0686]",4,0.064041,558.005757,"Liberal Democratic Norms Index (0-1)","No","Each row is one histogram bin. Bin_Midpoint = mean estimate within the bin. N_draws = count of simulation iterations falling in that bin."
"Independents","With Controls","(0.0686,0.0779]",3,0.074017,401.803324,"Liberal Democratic Norms Index (0-1)","No","Each row is one histogram bin. Bin_Midpoint = mean estimate within the bin. N_draws = count of simulation iterations falling in that bin."
"Independents","With Controls","(0.0779,0.0871]",1,0.080299,Inf,"Liberal Democratic Norms Index (0-1)","No","Each row is one histogram bin. Bin_Midpoint = mean estimate within the bin. N_draws = count of simulation iterations falling in that bin."
"Independents","With Controls","(0.106,0.115]",1,0.114917,Inf,"Liberal Democratic Norms Index (0-1)","No","Each row is one histogram bin. Bin_Midpoint = mean estimate within the bin. N_draws = count of simulation iterations falling in that bin."
"Independents","Without Controls","[-0.183,-0.171]",2,-0.179447,320.030281,"Liberal Democratic Norms Index (0-1)","No","Each row is one histogram bin. Bin_Midpoint = mean estimate within the bin. N_draws = count of simulation iterations falling in that bin."
"Independents","Without Controls","(-0.138,-0.127]",1,-0.133483,Inf,"Liberal Democratic Norms Index (0-1)","No","Each row is one histogram bin. Bin_Midpoint = mean estimate within the bin. N_draws = count of simulation iterations falling in that bin."
"Independents","Without Controls","(-0.127,-0.116]",3,-0.117974,767.720431,"Liberal Democratic Norms Index (0-1)","No","Each row is one histogram bin. Bin_Midpoint = mean estimate within the bin. N_draws = count of simulation iterations falling in that bin."
"Independents","Without Controls","(-0.116,-0.104]",4,-0.111075,1387.088979,"Liberal Democratic Norms Index (0-1)","No","Each row is one histogram bin. Bin_Midpoint = mean estimate within the bin. N_draws = count of simulation iterations falling in that bin."
"Independents","Without Controls","(-0.104,-0.0933]",2,-0.100295,270.360258,"Liberal Democratic Norms Index (0-1)","No","Each row is one histogram bin. Bin_Midpoint = mean estimate within the bin. N_draws = count of simulation iterations falling in that bin."
"Independents","Without Controls","(-0.0933,-0.0821]",4,-0.086355,741.395054,"Liberal Democratic Norms Index (0-1)","No","Each row is one histogram bin. Bin_Midpoint = mean estimate within the bin. N_draws = count of simulation iterations falling in that bin."
"Independents","Without Controls","(-0.0821,-0.0709]",6,-0.075865,597.701396,"Liberal Democratic Norms Index (0-1)","No","Each row is one histogram bin. Bin_Midpoint = mean estimate within the bin. N_draws = count of simulation iterations falling in that bin."
"Independents","Without Controls","(-0.0709,-0.0598]",4,-0.062998,719.681654,"Liberal Democratic Norms Index (0-1)","No","Each row is one histogram bin. Bin_Midpoint = mean estimate within the bin. N_draws = count of simulation iterations falling in that bin."
"Independents","Without Controls","(-0.0598,-0.0486]",7,-0.055601,697.728035,"Liberal Democratic Norms Index (0-1)","No","Each row is one histogram bin. Bin_Midpoint = mean estimate within the bin. N_draws = count of simulation iterations falling in that bin."
"Independents","Without Controls","(-0.0486,-0.0374]",7,-0.042544,813.166567,"Liberal Democratic Norms Index (0-1)","No","Each row is one histogram bin. Bin_Midpoint = mean estimate within the bin. N_draws = count of simulation iterations falling in that bin."
"Independents","Without Controls","(-0.0374,-0.0263]",3,-0.032776,369.15514,"Liberal Democratic Norms Index (0-1)","No","Each row is one histogram bin. Bin_Midpoint = mean estimate within the bin. N_draws = count of simulation iterations falling in that bin."
"Independents","Without Controls","(-0.0263,-0.0151]",8,-0.021219,766.546668,"Liberal Democratic Norms Index (0-1)","No","Each row is one histogram bin. Bin_Midpoint = mean estimate within the bin. N_draws = count of simulation iterations falling in that bin."
"Independents","Without Controls","(-0.0151,-0.00394]",8,-0.009446,814.251478,"Liberal Democratic Norms Index (0-1)","No","Each row is one histogram bin. Bin_Midpoint = mean estimate within the bin. N_draws = count of simulation iterations falling in that bin."
"Independents","Without Controls","(-0.00394,0.00722]",7,0.000587,764.387562,"Liberal Democratic Norms Index (0-1)","No","Each row is one histogram bin. Bin_Midpoint = mean estimate within the bin. N_draws = count of simulation iterations falling in that bin."
"Independents","Without Controls","(0.00722,0.0184]",6,0.014811,1074.647043,"Liberal Democratic Norms Index (0-1)","No","Each row is one histogram bin. Bin_Midpoint = mean estimate within the bin. N_draws = count of simulation iterations falling in that bin."
"Independents","Without Controls","(0.0184,0.0296]",5,0.021851,517.351776,"Liberal Democratic Norms Index (0-1)","No","Each row is one histogram bin. Bin_Midpoint = mean estimate within the bin. N_draws = count of simulation iterations falling in that bin."
"Independents","Without Controls","(0.0296,0.0407]",3,0.038812,2780.570074,"Liberal Democratic Norms Index (0-1)","No","Each row is one histogram bin. Bin_Midpoint = mean estimate within the bin. N_draws = count of simulation iterations falling in that bin."
"Independents","Without Controls","(0.0407,0.0519]",3,0.043669,715.048758,"Liberal Democratic Norms Index (0-1)","No","Each row is one histogram bin. Bin_Midpoint = mean estimate within the bin. N_draws = count of simulation iterations falling in that bin."
"Independents","Without Controls","(0.0519,0.063]",3,0.060102,423.494896,"Liberal Democratic Norms Index (0-1)","No","Each row is one histogram bin. Bin_Midpoint = mean estimate within the bin. N_draws = count of simulation iterations falling in that bin."
"Independents","Without Controls","(0.063,0.0742]",2,0.069601,282.020752,"Liberal Democratic Norms Index (0-1)","No","Each row is one histogram bin. Bin_Midpoint = mean estimate within the bin. N_draws = count of simulation iterations falling in that bin."
"Independents","Without Controls","(0.0742,0.0854]",2,0.075177,14514.043929,"Liberal Democratic Norms Index (0-1)","No","Each row is one histogram bin. Bin_Midpoint = mean estimate within the bin. N_draws = count of simulation iterations falling in that bin."
"Independents","Without Controls","(0.0854,0.0965]",4,0.090736,1772.856998,"Liberal Democratic Norms Index (0-1)","No","Each row is one histogram bin. Bin_Midpoint = mean estimate within the bin. N_draws = count of simulation iterations falling in that bin."
"Independents","Without Controls","(0.0965,0.108]",2,0.102133,1474.988379,"Liberal Democratic Norms Index (0-1)","No","Each row is one histogram bin. Bin_Midpoint = mean estimate within the bin. N_draws = count of simulation iterations falling in that bin."
"Independents","Without Controls","(0.108,0.119]",1,0.109501,Inf,"Liberal Democratic Norms Index (0-1)","No","Each row is one histogram bin. Bin_Midpoint = mean estimate within the bin. N_draws = count of simulation iterations falling in that bin."
"Independents","Without Controls","(0.119,0.13]",1,0.11983,Inf,"Liberal Democratic Norms Index (0-1)","No","Each row is one histogram bin. Bin_Midpoint = mean estimate within the bin. N_draws = count of simulation iterations falling in that bin."
"Independents","Without Controls","(0.141,0.153]",2,0.151474,1127.2163,"Liberal Democratic Norms Index (0-1)","No","Each row is one histogram bin. Bin_Midpoint = mean estimate within the bin. N_draws = count of simulation iterations falling in that bin."
"Partisans","With Controls","[-0.101,-0.088]",1,-0.100639,Inf,"Liberal Democratic Norms Index (0-1)","No","Each row is one histogram bin. Bin_Midpoint = mean estimate within the bin. N_draws = count of simulation iterations falling in that bin."
"Partisans","With Controls","(-0.0377,-0.0251]",2,-0.034436,549.301448,"Liberal Democratic Norms Index (0-1)","No","Each row is one histogram bin. Bin_Midpoint = mean estimate within the bin. N_draws = count of simulation iterations falling in that bin."
"Partisans","With Controls","(-0.0251,-0.0125]",2,-0.019037,283.20603,"Liberal Democratic Norms Index (0-1)","No","Each row is one histogram bin. Bin_Midpoint = mean estimate within the bin. N_draws = count of simulation iterations falling in that bin."
"Partisans","With Controls","(7.81e-05,0.0127]",3,0.006835,1458.032318,"Liberal Democratic Norms Index (0-1)","No","Each row is one histogram bin. Bin_Midpoint = mean estimate within the bin. N_draws = count of simulation iterations falling in that bin."
"Partisans","With Controls","(0.0127,0.0253]",5,0.020002,688.780672,"Liberal Democratic Norms Index (0-1)","No","Each row is one histogram bin. Bin_Midpoint = mean estimate within the bin. N_draws = count of simulation iterations falling in that bin."
"Partisans","With Controls","(0.0253,0.0378]",5,0.031385,445.585379,"Liberal Democratic Norms Index (0-1)","No","Each row is one histogram bin. Bin_Midpoint = mean estimate within the bin. N_draws = count of simulation iterations falling in that bin."
"Partisans","With Controls","(0.0378,0.0504]",5,0.046127,547.869437,"Liberal Democratic Norms Index (0-1)","No","Each row is one histogram bin. Bin_Midpoint = mean estimate within the bin. N_draws = count of simulation iterations falling in that bin."
"Partisans","With Controls","(0.0504,0.063]",8,0.057094,700.307051,"Liberal Democratic Norms Index (0-1)","No","Each row is one histogram bin. Bin_Midpoint = mean estimate within the bin. N_draws = count of simulation iterations falling in that bin."
"Partisans","With Controls","(0.063,0.0756]",9,0.069309,822.850761,"Liberal Democratic Norms Index (0-1)","No","Each row is one histogram bin. Bin_Midpoint = mean estimate within the bin. N_draws = count of simulation iterations falling in that bin."
"Partisans","With Controls","(0.0756,0.0882]",11,0.081135,1207.76217,"Liberal Democratic Norms Index (0-1)","No","Each row is one histogram bin. Bin_Midpoint = mean estimate within the bin. N_draws = count of simulation iterations falling in that bin."
"Partisans","With Controls","(0.0882,0.101]",11,0.094987,905.251205,"Liberal Democratic Norms Index (0-1)","No","Each row is one histogram bin. Bin_Midpoint = mean estimate within the bin. N_draws = count of simulation iterations falling in that bin."
"Partisans","With Controls","(0.101,0.113]",6,0.108998,521.930307,"Liberal Democratic Norms Index (0-1)","No","Each row is one histogram bin. Bin_Midpoint = mean estimate within the bin. N_draws = count of simulation iterations falling in that bin."
"Partisans","With Controls","(0.113,0.126]",8,0.118931,1373.090423,"Liberal Democratic Norms Index (0-1)","No","Each row is one histogram bin. Bin_Midpoint = mean estimate within the bin. N_draws = count of simulation iterations falling in that bin."
"Partisans","With Controls","(0.126,0.139]",6,0.134451,717.260215,"Liberal Democratic Norms Index (0-1)","No","Each row is one histogram bin. Bin_Midpoint = mean estimate within the bin. N_draws = count of simulation iterations falling in that bin."
"Partisans","With Controls","(0.139,0.151]",6,0.145436,645.839033,"Liberal Democratic Norms Index (0-1)","No","Each row is one histogram bin. Bin_Midpoint = mean estimate within the bin. N_draws = count of simulation iterations falling in that bin."
"Partisans","With Controls","(0.151,0.164]",6,0.156198,769.970226,"Liberal Democratic Norms Index (0-1)","No","Each row is one histogram bin. Bin_Midpoint = mean estimate within the bin. N_draws = count of simulation iterations falling in that bin."
"Partisans","With Controls","(0.164,0.176]",1,0.166694,Inf,"Liberal Democratic Norms Index (0-1)","No","Each row is one histogram bin. Bin_Midpoint = mean estimate within the bin. N_draws = count of simulation iterations falling in that bin."
"Partisans","With Controls","(0.189,0.202]",1,0.189338,Inf,"Liberal Democratic Norms Index (0-1)","No","Each row is one histogram bin. Bin_Midpoint = mean estimate within the bin. N_draws = count of simulation iterations falling in that bin."
"Partisans","With Controls","(0.202,0.214]",2,0.208703,491.644673,"Liberal Democratic Norms Index (0-1)","No","Each row is one histogram bin. Bin_Midpoint = mean estimate within the bin. N_draws = count of simulation iterations falling in that bin."
"Partisans","With Controls","(0.214,0.227]",1,0.220925,Inf,"Liberal Democratic Norms Index (0-1)","No","Each row is one histogram bin. Bin_Midpoint = mean estimate within the bin. N_draws = count of simulation iterations falling in that bin."
"Partisans","With Controls","(0.264,0.277]",1,0.27705,Inf,"Liberal Democratic Norms Index (0-1)","No","Each row is one histogram bin. Bin_Midpoint = mean estimate within the bin. N_draws = count of simulation iterations falling in that bin."
"Partisans","Without Controls","[-0.103,-0.0909]",1,-0.102791,Inf,"Liberal Democratic Norms Index (0-1)","No","Each row is one histogram bin. Bin_Midpoint = mean estimate within the bin. N_draws = count of simulation iterations falling in that bin."
"Partisans","Without Controls","(-0.079,-0.067]",2,-0.076926,543.933124,"Liberal Democratic Norms Index (0-1)","No","Each row is one histogram bin. Bin_Midpoint = mean estimate within the bin. N_draws = count of simulation iterations falling in that bin."
"Partisans","Without Controls","(-0.067,-0.0551]",2,-0.064904,518.613948,"Liberal Democratic Norms Index (0-1)","No","Each row is one histogram bin. Bin_Midpoint = mean estimate within the bin. N_draws = count of simulation iterations falling in that bin."
"Partisans","Without Controls","(-0.0551,-0.0432]",1,-0.044841,Inf,"Liberal Democratic Norms Index (0-1)","No","Each row is one histogram bin. Bin_Midpoint = mean estimate within the bin. N_draws = count of simulation iterations falling in that bin."
"Partisans","Without Controls","(-0.0432,-0.0313]",1,-0.036292,Inf,"Liberal Democratic Norms Index (0-1)","No","Each row is one histogram bin. Bin_Midpoint = mean estimate within the bin. N_draws = count of simulation iterations falling in that bin."
"Partisans","Without Controls","(-0.0313,-0.0194]",2,-0.023971,244.771385,"Liberal Democratic Norms Index (0-1)","No","Each row is one histogram bin. Bin_Midpoint = mean estimate within the bin. N_draws = count of simulation iterations falling in that bin."
"Partisans","Without Controls","(-0.0194,-0.00745]",1,-0.014039,Inf,"Liberal Democratic Norms Index (0-1)","No","Each row is one histogram bin. Bin_Midpoint = mean estimate within the bin. N_draws = count of simulation iterations falling in that bin."
"Partisans","Without Controls","(-0.00745,0.00447]",3,-0.001915,445.020679,"Liberal Democratic Norms Index (0-1)","No","Each row is one histogram bin. Bin_Midpoint = mean estimate within the bin. N_draws = count of simulation iterations falling in that bin."
"Partisans","Without Controls","(0.00447,0.0164]",5,0.013293,847.689629,"Liberal Democratic Norms Index (0-1)","No","Each row is one histogram bin. Bin_Midpoint = mean estimate within the bin. N_draws = count of simulation iterations falling in that bin."
"Partisans","Without Controls","(0.0164,0.0283]",2,0.022878,341.670918,"Liberal Democratic Norms Index (0-1)","No","Each row is one histogram bin. Bin_Midpoint = mean estimate within the bin. N_draws = count of simulation iterations falling in that bin."
"Partisans","Without Controls","(0.0283,0.0402]",6,0.03586,693.150478,"Liberal Democratic Norms Index (0-1)","No","Each row is one histogram bin. Bin_Midpoint = mean estimate within the bin. N_draws = count of simulation iterations falling in that bin."
"Partisans","Without Controls","(0.0402,0.0521]",4,0.049763,956.802365,"Liberal Democratic Norms Index (0-1)","No","Each row is one histogram bin. Bin_Midpoint = mean estimate within the bin. N_draws = count of simulation iterations falling in that bin."
"Partisans","Without Controls","(0.0521,0.0641]",5,0.05833,512.272781,"Liberal Democratic Norms Index (0-1)","No","Each row is one histogram bin. Bin_Midpoint = mean estimate within the bin. N_draws = count of simulation iterations falling in that bin."
"Partisans","Without Controls","(0.0641,0.076]",5,0.066687,1194.526296,"Liberal Democratic Norms Index (0-1)","No","Each row is one histogram bin. Bin_Midpoint = mean estimate within the bin. N_draws = count of simulation iterations falling in that bin."
"Partisans","Without Controls","(0.076,0.0879]",9,0.080864,931.954003,"Liberal Democratic Norms Index (0-1)","No","Each row is one histogram bin. Bin_Midpoint = mean estimate within the bin. N_draws = count of simulation iterations falling in that bin."
"Partisans","Without Controls","(0.0879,0.0998]",11,0.095344,1262.144302,"Liberal Democratic Norms Index (0-1)","No","Each row is one histogram bin. Bin_Midpoint = mean estimate within the bin. N_draws = count of simulation iterations falling in that bin."
"Partisans","Without Controls","(0.0998,0.112]",8,0.106139,1084.455006,"Liberal Democratic Norms Index (0-1)","No","Each row is one histogram bin. Bin_Midpoint = mean estimate within the bin. N_draws = count of simulation iterations falling in that bin."
"Partisans","Without Controls","(0.112,0.124]",10,0.117973,952.628439,"Liberal Democratic Norms Index (0-1)","No","Each row is one histogram bin. Bin_Midpoint = mean estimate within the bin. N_draws = count of simulation iterations falling in that bin."
"Partisans","Without Controls","(0.124,0.136]",8,0.130489,736.522408,"Liberal Democratic Norms Index (0-1)","No","Each row is one histogram bin. Bin_Midpoint = mean estimate within the bin. N_draws = count of simulation iterations falling in that bin."
"Partisans","Without Controls","(0.136,0.147]",4,0.141997,483.14603,"Liberal Democratic Norms Index (0-1)","No","Each row is one histogram bin. Bin_Midpoint = mean estimate within the bin. N_draws = count of simulation iterations falling in that bin."
"Partisans","Without Controls","(0.147,0.159]",5,0.153933,624.815975,"Liberal Democratic Norms Index (0-1)","No","Each row is one histogram bin. Bin_Midpoint = mean estimate within the bin. N_draws = count of simulation iterations falling in that bin."
"Partisans","Without Controls","(0.159,0.171]",1,0.163454,Inf,"Liberal Democratic Norms Index (0-1)","No","Each row is one histogram bin. Bin_Midpoint = mean estimate within the bin. N_draws = count of simulation iterations falling in that bin."
"Partisans","Without Controls","(0.183,0.195]",2,0.186206,3663.820156,"Liberal Democratic Norms Index (0-1)","No","Each row is one histogram bin. Bin_Midpoint = mean estimate within the bin. N_draws = count of simulation iterations falling in that bin."
"Partisans","Without Controls","(0.195,0.207]",1,0.197877,Inf,"Liberal Democratic Norms Index (0-1)","No","Each row is one histogram bin. Bin_Midpoint = mean estimate within the bin. N_draws = count of simulation iterations falling in that bin."
"Partisans","Without Controls","(0.243,0.255]",1,0.25474,Inf,"Liberal Democratic Norms Index (0-1)","No","Each row is one histogram bin. Bin_Midpoint = mean estimate within the bin. N_draws = count of simulation iterations falling in that bin."
"Republicans","With Controls","(0.104,0.114]",7,0.10816,846.38037,"Liberal Democratic Norms Index (0-1)","No","Each row is one histogram bin. Bin_Midpoint = mean estimate within the bin. N_draws = count of simulation iterations falling in that bin."
"Republicans","With Controls","(0.114,0.125]",3,0.119485,729.911287,"Liberal Democratic Norms Index (0-1)","No","Each row is one histogram bin. Bin_Midpoint = mean estimate within the bin. N_draws = count of simulation iterations falling in that bin."
"Republicans","With Controls","[-0.0724,-0.0617]",4,-0.068708,473.733966,"Liberal Democratic Norms Index (0-1)","No","Each row is one histogram bin. Bin_Midpoint = mean estimate within the bin. N_draws = count of simulation iterations falling in that bin."
"Republicans","With Controls","(-0.0617,-0.0514]",1,-0.05956,Inf,"Liberal Democratic Norms Index (0-1)","No","Each row is one histogram bin. Bin_Midpoint = mean estimate within the bin. N_draws = count of simulation iterations falling in that bin."
"Republicans","With Controls","(-0.041,-0.0307]",3,-0.03426,423.716863,"Liberal Democratic Norms Index (0-1)","No","Each row is one histogram bin. Bin_Midpoint = mean estimate within the bin. N_draws = count of simulation iterations falling in that bin."
"Republicans","With Controls","(-0.0203,-0.00996]",2,-0.018752,2805.06057,"Liberal Democratic Norms Index (0-1)","No","Each row is one histogram bin. Bin_Midpoint = mean estimate within the bin. N_draws = count of simulation iterations falling in that bin."
"Republicans","With Controls","(-0.00996,0.000389]",2,-0.006993,449.241991,"Liberal Democratic Norms Index (0-1)","No","Each row is one histogram bin. Bin_Midpoint = mean estimate within the bin. N_draws = count of simulation iterations falling in that bin."
"Republicans","With Controls","(0.000389,0.0107]",2,0.005013,219.98786,"Liberal Democratic Norms Index (0-1)","No","Each row is one histogram bin. Bin_Midpoint = mean estimate within the bin. N_draws = count of simulation iterations falling in that bin."
"Republicans","With Controls","(0.0107,0.0211]",2,0.016967,1106.273227,"Liberal Democratic Norms Index (0-1)","No","Each row is one histogram bin. Bin_Midpoint = mean estimate within the bin. N_draws = count of simulation iterations falling in that bin."
"Republicans","With Controls","(0.0211,0.0314]",3,0.027032,646.046034,"Liberal Democratic Norms Index (0-1)","No","Each row is one histogram bin. Bin_Midpoint = mean estimate within the bin. N_draws = count of simulation iterations falling in that bin."
"Republicans","With Controls","(0.0314,0.0418]",7,0.037795,1701.234959,"Liberal Democratic Norms Index (0-1)","No","Each row is one histogram bin. Bin_Midpoint = mean estimate within the bin. N_draws = count of simulation iterations falling in that bin."
"Republicans","With Controls","(0.0418,0.0522]",4,0.046655,574.841421,"Liberal Democratic Norms Index (0-1)","No","Each row is one histogram bin. Bin_Midpoint = mean estimate within the bin. N_draws = count of simulation iterations falling in that bin."
"Republicans","With Controls","(0.0522,0.0625]",4,0.056423,579.59018,"Liberal Democratic Norms Index (0-1)","No","Each row is one histogram bin. Bin_Midpoint = mean estimate within the bin. N_draws = count of simulation iterations falling in that bin."
"Republicans","With Controls","(0.0625,0.0729]",3,0.066843,3982.980982,"Liberal Democratic Norms Index (0-1)","No","Each row is one histogram bin. Bin_Midpoint = mean estimate within the bin. N_draws = count of simulation iterations falling in that bin."
"Republicans","With Controls","(0.0729,0.0832]",8,0.077373,825.110335,"Liberal Democratic Norms Index (0-1)","No","Each row is one histogram bin. Bin_Midpoint = mean estimate within the bin. N_draws = count of simulation iterations falling in that bin."
"Republicans","With Controls","(0.0832,0.0936]",4,0.088194,527.998118,"Liberal Democratic Norms Index (0-1)","No","Each row is one histogram bin. Bin_Midpoint = mean estimate within the bin. N_draws = count of simulation iterations falling in that bin."
"Republicans","With Controls","(0.0936,0.104]",5,0.100262,587.000707,"Liberal Democratic Norms Index (0-1)","No","Each row is one histogram bin. Bin_Midpoint = mean estimate within the bin. N_draws = count of simulation iterations falling in that bin."
"Republicans","With Controls","(0.125,0.135]",6,0.129861,1542.132483,"Liberal Democratic Norms Index (0-1)","No","Each row is one histogram bin. Bin_Midpoint = mean estimate within the bin. N_draws = count of simulation iterations falling in that bin."
"Republicans","With Controls","(0.135,0.145]",5,0.142321,610.85446,"Liberal Democratic Norms Index (0-1)","No","Each row is one histogram bin. Bin_Midpoint = mean estimate within the bin. N_draws = count of simulation iterations falling in that bin."
"Republicans","With Controls","(0.145,0.156]",4,0.148732,779.170411,"Liberal Democratic Norms Index (0-1)","No","Each row is one histogram bin. Bin_Midpoint = mean estimate within the bin. N_draws = count of simulation iterations falling in that bin."
"Republicans","With Controls","(0.156,0.166]",5,0.161627,886.675452,"Liberal Democratic Norms Index (0-1)","No","Each row is one histogram bin. Bin_Midpoint = mean estimate within the bin. N_draws = count of simulation iterations falling in that bin."
"Republicans","With Controls","(0.166,0.176]",2,0.17365,542.354948,"Liberal Democratic Norms Index (0-1)","No","Each row is one histogram bin. Bin_Midpoint = mean estimate within the bin. N_draws = count of simulation iterations falling in that bin."
"Republicans","With Controls","(0.176,0.187]",4,0.182343,627.573039,"Liberal Democratic Norms Index (0-1)","No","Each row is one histogram bin. Bin_Midpoint = mean estimate within the bin. N_draws = count of simulation iterations falling in that bin."
"Republicans","With Controls","(0.187,0.197]",3,0.190951,372.97029,"Liberal Democratic Norms Index (0-1)","No","Each row is one histogram bin. Bin_Midpoint = mean estimate within the bin. N_draws = count of simulation iterations falling in that bin."
"Republicans","With Controls","(0.197,0.207]",4,0.20191,611.600166,"Liberal Democratic Norms Index (0-1)","No","Each row is one histogram bin. Bin_Midpoint = mean estimate within the bin. N_draws = count of simulation iterations falling in that bin."
"Republicans","With Controls","(0.218,0.228]",1,0.224022,Inf,"Liberal Democratic Norms Index (0-1)","No","Each row is one histogram bin. Bin_Midpoint = mean estimate within the bin. N_draws = count of simulation iterations falling in that bin."
"Republicans","With Controls","(0.228,0.239]",2,0.236286,451.767942,"Liberal Democratic Norms Index (0-1)","No","Each row is one histogram bin. Bin_Midpoint = mean estimate within the bin. N_draws = count of simulation iterations falling in that bin."
"Republicans","Without Controls","[-0.177,-0.163]",1,-0.176993,Inf,"Liberal Democratic Norms Index (0-1)","No","Each row is one histogram bin. Bin_Midpoint = mean estimate within the bin. N_draws = count of simulation iterations falling in that bin."
"Republicans","Without Controls","(-0.149,-0.135]",1,-0.146509,Inf,"Liberal Democratic Norms Index (0-1)","No","Each row is one histogram bin. Bin_Midpoint = mean estimate within the bin. N_draws = count of simulation iterations falling in that bin."
"Republicans","Without Controls","(-0.135,-0.121]",2,-0.124214,389.833354,"Liberal Democratic Norms Index (0-1)","No","Each row is one histogram bin. Bin_Midpoint = mean estimate within the bin. N_draws = count of simulation iterations falling in that bin."
"Republicans","Without Controls","(-0.121,-0.107]",2,-0.115401,280.209691,"Liberal Democratic Norms Index (0-1)","No","Each row is one histogram bin. Bin_Midpoint = mean estimate within the bin. N_draws = count of simulation iterations falling in that bin."
"Republicans","Without Controls","(-0.0789,-0.0648]",1,-0.07745,Inf,"Liberal Democratic Norms Index (0-1)","No","Each row is one histogram bin. Bin_Midpoint = mean estimate within the bin. N_draws = count of simulation iterations falling in that bin."
"Republicans","Without Controls","(-0.0648,-0.0508]",1,-0.060447,Inf,"Liberal Democratic Norms Index (0-1)","No","Each row is one histogram bin. Bin_Midpoint = mean estimate within the bin. N_draws = count of simulation iterations falling in that bin."
"Republicans","Without Controls","(-0.0508,-0.0368]",1,-0.042659,Inf,"Liberal Democratic Norms Index (0-1)","No","Each row is one histogram bin. Bin_Midpoint = mean estimate within the bin. N_draws = count of simulation iterations falling in that bin."
"Republicans","Without Controls","(-0.0368,-0.0228]",1,-0.027654,Inf,"Liberal Democratic Norms Index (0-1)","No","Each row is one histogram bin. Bin_Midpoint = mean estimate within the bin. N_draws = count of simulation iterations falling in that bin."
"Republicans","Without Controls","(-0.0228,-0.00875]",5,-0.017652,592.562799,"Liberal Democratic Norms Index (0-1)","No","Each row is one histogram bin. Bin_Midpoint = mean estimate within the bin. N_draws = count of simulation iterations falling in that bin."
"Republicans","Without Controls","(-0.00875,0.00527]",1,0.003324,Inf,"Liberal Democratic Norms Index (0-1)","No","Each row is one histogram bin. Bin_Midpoint = mean estimate within the bin. N_draws = count of simulation iterations falling in that bin."
"Republicans","Without Controls","(0.00527,0.0193]",3,0.007856,794.236573,"Liberal Democratic Norms Index (0-1)","No","Each row is one histogram bin. Bin_Midpoint = mean estimate within the bin. N_draws = count of simulation iterations falling in that bin."
"Republicans","Without Controls","(0.0193,0.0333]",3,0.030844,538.901682,"Liberal Democratic Norms Index (0-1)","No","Each row is one histogram bin. Bin_Midpoint = mean estimate within the bin. N_draws = count of simulation iterations falling in that bin."
"Republicans","Without Controls","(0.0333,0.0473]",4,0.038878,367.901821,"Liberal Democratic Norms Index (0-1)","No","Each row is one histogram bin. Bin_Midpoint = mean estimate within the bin. N_draws = count of simulation iterations falling in that bin."
"Republicans","Without Controls","(0.0473,0.0614]",10,0.054786,971.160797,"Liberal Democratic Norms Index (0-1)","No","Each row is one histogram bin. Bin_Midpoint = mean estimate within the bin. N_draws = count of simulation iterations falling in that bin."
"Republicans","Without Controls","(0.0614,0.0754]",6,0.069022,499.819927,"Liberal Democratic Norms Index (0-1)","No","Each row is one histogram bin. Bin_Midpoint = mean estimate within the bin. N_draws = count of simulation iterations falling in that bin."
"Republicans","Without Controls","(0.0754,0.0894]",5,0.08489,592.095333,"Liberal Democratic Norms Index (0-1)","No","Each row is one histogram bin. Bin_Midpoint = mean estimate within the bin. N_draws = count of simulation iterations falling in that bin."
"Republicans","Without Controls","(0.0894,0.103]",7,0.097007,523.50238,"Liberal Democratic Norms Index (0-1)","No","Each row is one histogram bin. Bin_Midpoint = mean estimate within the bin. N_draws = count of simulation iterations falling in that bin."
"Republicans","Without Controls","(0.103,0.117]",9,0.108946,778.346497,"Liberal Democratic Norms Index (0-1)","No","Each row is one histogram bin. Bin_Midpoint = mean estimate within the bin. N_draws = count of simulation iterations falling in that bin."
"Republicans","Without Controls","(0.117,0.131]",9,0.124646,959.399092,"Liberal Democratic Norms Index (0-1)","No","Each row is one histogram bin. Bin_Midpoint = mean estimate within the bin. N_draws = count of simulation iterations falling in that bin."
"Republicans","Without Controls","(0.131,0.145]",10,0.139555,843.94269,"Liberal Democratic Norms Index (0-1)","No","Each row is one histogram bin. Bin_Midpoint = mean estimate within the bin. N_draws = count of simulation iterations falling in that bin."
"Republicans","Without Controls","(0.145,0.159]",5,0.154123,382.065942,"Liberal Democratic Norms Index (0-1)","No","Each row is one histogram bin. Bin_Midpoint = mean estimate within the bin. N_draws = count of simulation iterations falling in that bin."
"Republicans","Without Controls","(0.159,0.174]",3,0.164255,258.951956,"Liberal Democratic Norms Index (0-1)","No","Each row is one histogram bin. Bin_Midpoint = mean estimate within the bin. N_draws = count of simulation iterations falling in that bin."
"Republicans","Without Controls","(0.174,0.188]",5,0.180275,788.144686,"Liberal Democratic Norms Index (0-1)","No","Each row is one histogram bin. Bin_Midpoint = mean estimate within the bin. N_draws = count of simulation iterations falling in that bin."
"Republicans","Without Controls","(0.188,0.202]",1,0.193161,Inf,"Liberal Democratic Norms Index (0-1)","No","Each row is one histogram bin. Bin_Midpoint = mean estimate within the bin. N_draws = count of simulation iterations falling in that bin."
"Republicans","Without Controls","(0.216,0.23]",2,0.21941,8033.12172,"Liberal Democratic Norms Index (0-1)","No","Each row is one histogram bin. Bin_Midpoint = mean estimate within the bin. N_draws = count of simulation iterations falling in that bin."
"Republicans","Without Controls","(0.23,0.244]",2,0.241731,531.68562,"Liberal Democratic Norms Index (0-1)","No","Each row is one histogram bin. Bin_Midpoint = mean estimate within the bin. N_draws = count of simulation iterations falling in that bin."
