"Sample","Outcome","Running_Variable","Cutoff","Weighted","Model","Estimate.Type","Estimate","SE","P.Value","Bandwidth.Type","Bandwidth..h.","N_total","N_within_bw","Controls_Used","Reference_Category_Race"
"Democrats","Liberal Democratic Norms Index: 1-factor principal-axis score of 7 ANES items (V201366, V201367, V201368, V201369, V201372x, V201375x, V201376), rescaled to [0, 1]; higher = stronger support for liberal democratic norms","days_from_cutoff: days between respondent date of birth and November 6, 1994; negative = born before cutoff (Control group)","November 6, 1994: born on/before this date = eligible to vote in 2012 presidential election (Control, treatment=0); born after = first eligible presidential election was 2016 (Treatment, treatment=1)","No — analyses are unweighted; ANES post-stratification weight V200010b available but not applied","With Controls","Monte Carlo",0.0996374229787862,0.0741542264070618,0.179061171142503,"MSE-optimal",1286.91,1860,177,"education; sex; income; race_Black; race_Hispanic; race_Asian; race_Native; race_Other","White (omitted baseline; dummies included: race_Black, race_Hispanic, race_Asian, race_Native, race_Other)"
"Democrats","Liberal Democratic Norms Index: 1-factor principal-axis score of 7 ANES items (V201366, V201367, V201368, V201369, V201372x, V201375x, V201376), rescaled to [0, 1]; higher = stronger support for liberal democratic norms","days_from_cutoff: days between respondent date of birth and November 6, 1994; negative = born before cutoff (Control group)","November 6, 1994: born on/before this date = eligible to vote in 2012 presidential election (Control, treatment=0); born after = first eligible presidential election was 2016 (Treatment, treatment=1)","No — analyses are unweighted; ANES post-stratification weight V200010b available but not applied","Without Controls","Monte Carlo",0.14677197100819,0.0983703687324474,0.135690135684565,"MSE-optimal",1201.15,1860,167,"None","None"
"Expect In-Party Loss","Liberal Democratic Norms Index: 1-factor principal-axis score of 7 ANES items (V201366, V201367, V201368, V201369, V201372x, V201375x, V201376), rescaled to [0, 1]; higher = stronger support for liberal democratic norms","days_from_cutoff: days between respondent date of birth and November 6, 1994; negative = born before cutoff (Control group)","November 6, 1994: born on/before this date = eligible to vote in 2012 presidential election (Control, treatment=0); born after = first eligible presidential election was 2016 (Treatment, treatment=1)","No — analyses are unweighted; ANES post-stratification weight V200010b available but not applied","With Controls","Monte Carlo",0.341208682442307,0.0973984313284547,0.000459659899088916,"MSE-optimal",1589.99,430,65,"education; sex; income; race_Black; race_Hispanic; race_Asian; race_Native; race_Other","White (omitted baseline; dummies included: race_Black, race_Hispanic, race_Asian, race_Native, race_Other)"
"Expect In-Party Loss","Liberal Democratic Norms Index: 1-factor principal-axis score of 7 ANES items (V201366, V201367, V201368, V201369, V201372x, V201375x, V201376), rescaled to [0, 1]; higher = stronger support for liberal democratic norms","days_from_cutoff: days between respondent date of birth and November 6, 1994; negative = born before cutoff (Control group)","November 6, 1994: born on/before this date = eligible to vote in 2012 presidential election (Control, treatment=0); born after = first eligible presidential election was 2016 (Treatment, treatment=1)","No — analyses are unweighted; ANES post-stratification weight V200010b available but not applied","Without Controls","Monte Carlo",0.342465749223711,0.162535713345411,0.0351159790398641,"MSE-optimal",1627.9,430,68,"None","None"
"Expect In-Party Win","Liberal Democratic Norms Index: 1-factor principal-axis score of 7 ANES items (V201366, V201367, V201368, V201369, V201372x, V201375x, V201376), rescaled to [0, 1]; higher = stronger support for liberal democratic norms","days_from_cutoff: days between respondent date of birth and November 6, 1994; negative = born before cutoff (Control group)","November 6, 1994: born on/before this date = eligible to vote in 2012 presidential election (Control, treatment=0); born after = first eligible presidential election was 2016 (Treatment, treatment=1)","No — analyses are unweighted; ANES post-stratification weight V200010b available but not applied","With Controls","Monte Carlo",0.0583563430490505,0.0592725204776278,0.324848617139924,"MSE-optimal",1206.87,2990,209,"education; sex; income; race_Black; race_Hispanic; race_Asian; race_Native; race_Other","White (omitted baseline; dummies included: race_Black, race_Hispanic, race_Asian, race_Native, race_Other)"
"Expect In-Party Win","Liberal Democratic Norms Index: 1-factor principal-axis score of 7 ANES items (V201366, V201367, V201368, V201369, V201372x, V201375x, V201376), rescaled to [0, 1]; higher = stronger support for liberal democratic norms","days_from_cutoff: days between respondent date of birth and November 6, 1994; negative = born before cutoff (Control group)","November 6, 1994: born on/before this date = eligible to vote in 2012 presidential election (Control, treatment=0); born after = first eligible presidential election was 2016 (Treatment, treatment=1)","No — analyses are unweighted; ANES post-stratification weight V200010b available but not applied","Without Controls","Monte Carlo",0.0507563831226119,0.0737994939588614,0.491603560838438,"MSE-optimal",1148.23,2990,201,"None","None"
"Full Sample","Liberal Democratic Norms Index: 1-factor principal-axis score of 7 ANES items (V201366, V201367, V201368, V201369, V201372x, V201375x, V201376), rescaled to [0, 1]; higher = stronger support for liberal democratic norms","days_from_cutoff: days between respondent date of birth and November 6, 1994; negative = born before cutoff (Control group)","November 6, 1994: born on/before this date = eligible to vote in 2012 presidential election (Control, treatment=0); born after = first eligible presidential election was 2016 (Treatment, treatment=1)","No — analyses are unweighted; ANES post-stratification weight V200010b available but not applied","With Controls","Monte Carlo",0.0337327888497914,0.0473993927231852,0.476668325381716,"MSE-optimal",1117.29,5441,432,"education; sex; income; race_Black; race_Hispanic; race_Asian; race_Native; race_Other","White (omitted baseline; dummies included: race_Black, race_Hispanic, race_Asian, race_Native, race_Other)"
"Full Sample","Liberal Democratic Norms Index: 1-factor principal-axis score of 7 ANES items (V201366, V201367, V201368, V201369, V201372x, V201375x, V201376), rescaled to [0, 1]; higher = stronger support for liberal democratic norms","days_from_cutoff: days between respondent date of birth and November 6, 1994; negative = born before cutoff (Control group)","November 6, 1994: born on/before this date = eligible to vote in 2012 presidential election (Control, treatment=0); born after = first eligible presidential election was 2016 (Treatment, treatment=1)","No — analyses are unweighted; ANES post-stratification weight V200010b available but not applied","Without Controls","Monte Carlo",0.0295074935604225,0.0508626158971583,0.561819474482669,"MSE-optimal",1092.51,5441,436,"None","None"
"Independents","Liberal Democratic Norms Index: 1-factor principal-axis score of 7 ANES items (V201366, V201367, V201368, V201369, V201372x, V201375x, V201376), rescaled to [0, 1]; higher = stronger support for liberal democratic norms","days_from_cutoff: days between respondent date of birth and November 6, 1994; negative = born before cutoff (Control group)","November 6, 1994: born on/before this date = eligible to vote in 2012 presidential election (Control, treatment=0); born after = first eligible presidential election was 2016 (Treatment, treatment=1)","No — analyses are unweighted; ANES post-stratification weight V200010b available but not applied","With Controls","Monte Carlo",0.0064822438760208,0.0562443525981033,0.908245809481827,"MSE-optimal",1674.31,1228,160,"education; sex; income; race_Black; race_Hispanic; race_Asian; race_Native; race_Other","White (omitted baseline; dummies included: race_Black, race_Hispanic, race_Asian, race_Native, race_Other)"
"Independents","Liberal Democratic Norms Index: 1-factor principal-axis score of 7 ANES items (V201366, V201367, V201368, V201369, V201372x, V201375x, V201376), rescaled to [0, 1]; higher = stronger support for liberal democratic norms","days_from_cutoff: days between respondent date of birth and November 6, 1994; negative = born before cutoff (Control group)","November 6, 1994: born on/before this date = eligible to vote in 2012 presidential election (Control, treatment=0); born after = first eligible presidential election was 2016 (Treatment, treatment=1)","No — analyses are unweighted; ANES post-stratification weight V200010b available but not applied","Without Controls","Monte Carlo",0.000965167263103995,0.0586095985041059,0.986861243337334,"MSE-optimal",1492.91,1228,153,"None","None"
"Partisans","Liberal Democratic Norms Index: 1-factor principal-axis score of 7 ANES items (V201366, V201367, V201368, V201369, V201372x, V201375x, V201376), rescaled to [0, 1]; higher = stronger support for liberal democratic norms","days_from_cutoff: days between respondent date of birth and November 6, 1994; negative = born before cutoff (Control group)","November 6, 1994: born on/before this date = eligible to vote in 2012 presidential election (Control, treatment=0); born after = first eligible presidential election was 2016 (Treatment, treatment=1)","No — analyses are unweighted; ANES post-stratification weight V200010b available but not applied","With Controls","Monte Carlo",0.108683647358281,0.0629324699456043,0.0841697417154359,"MSE-optimal",1098.31,3505,240,"education; sex; income; race_Black; race_Hispanic; race_Asian; race_Native; race_Other","White (omitted baseline; dummies included: race_Black, race_Hispanic, race_Asian, race_Native, race_Other)"
"Partisans","Liberal Democratic Norms Index: 1-factor principal-axis score of 7 ANES items (V201366, V201367, V201368, V201369, V201372x, V201375x, V201376), rescaled to [0, 1]; higher = stronger support for liberal democratic norms","days_from_cutoff: days between respondent date of birth and November 6, 1994; negative = born before cutoff (Control group)","November 6, 1994: born on/before this date = eligible to vote in 2012 presidential election (Control, treatment=0); born after = first eligible presidential election was 2016 (Treatment, treatment=1)","No — analyses are unweighted; ANES post-stratification weight V200010b available but not applied","Without Controls","Monte Carlo",0.096463183071298,0.0858047584255026,0.260920905258579,"MSE-optimal",1034.16,3505,230,"None","None"
"Republicans","Liberal Democratic Norms Index: 1-factor principal-axis score of 7 ANES items (V201366, V201367, V201368, V201369, V201372x, V201375x, V201376), rescaled to [0, 1]; higher = stronger support for liberal democratic norms","days_from_cutoff: days between respondent date of birth and November 6, 1994; negative = born before cutoff (Control group)","November 6, 1994: born on/before this date = eligible to vote in 2012 presidential election (Control, treatment=0); born after = first eligible presidential election was 2016 (Treatment, treatment=1)","No — analyses are unweighted; ANES post-stratification weight V200010b available but not applied","With Controls","Monte Carlo",0.0944658631819479,0.0685158249926169,0.167973335478007,"MSE-optimal",1275.29,1645,101,"education; sex; income; race_Black; race_Hispanic; race_Asian; race_Native; race_Other","White (omitted baseline; dummies included: race_Black, race_Hispanic, race_Asian, race_Native, race_Other)"
"Republicans","Liberal Democratic Norms Index: 1-factor principal-axis score of 7 ANES items (V201366, V201367, V201368, V201369, V201372x, V201375x, V201376), rescaled to [0, 1]; higher = stronger support for liberal democratic norms","days_from_cutoff: days between respondent date of birth and November 6, 1994; negative = born before cutoff (Control group)","November 6, 1994: born on/before this date = eligible to vote in 2012 presidential election (Control, treatment=0); born after = first eligible presidential election was 2016 (Treatment, treatment=1)","No — analyses are unweighted; ANES post-stratification weight V200010b available but not applied","Without Controls","Monte Carlo",0.0677092160422448,0.082728220049442,0.413098181442406,"MSE-optimal",1264.26,1645,101,"None","None"
