"","Sample","Outcome","Running_Variable","Cutoff","Weighted","Model","Estimate Type","Estimate","SE","P-Value","Bandwidth Type","Bandwidth (h)","N_total","N_left_cutoff","N_right_cutoff","N_within_bw","N_left_bw","N_right_bw","Controls_Used","Reference_Category_Race"
"1","Full Sample","Liberal Democratic Norms Index: 1-factor principal-axis score of 7 ANES items (V201366, V201367, V201368, V201369, V201372x, V201375x, V201376), rescaled to [0, 1]; higher = stronger support for liberal democratic norms","days_from_cutoff: days between respondent date of birth and November 6, 1994; negative = born before cutoff (Control group)","November 6, 1994: born on/before this date = eligible to vote in 2012 presidential election (Control, treatment=0); born after = first eligible presidential election was 2016 (Treatment, treatment=1)","No — analyses are unweighted; ANES post-stratification weight V200010b available but not applied","Without Controls","Conventional",0.0388,0.0503,0.4412,"MSE-optimal",997.36,4997,4615,382,390,226,164,"None",NA
"2","Full Sample","Liberal Democratic Norms Index: 1-factor principal-axis score of 7 ANES items (V201366, V201367, V201368, V201369, V201372x, V201375x, V201376), rescaled to [0, 1]; higher = stronger support for liberal democratic norms","days_from_cutoff: days between respondent date of birth and November 6, 1994; negative = born before cutoff (Control group)","November 6, 1994: born on/before this date = eligible to vote in 2012 presidential election (Control, treatment=0); born after = first eligible presidential election was 2016 (Treatment, treatment=1)","No — analyses are unweighted; ANES post-stratification weight V200010b available but not applied","Without Controls","Bias-Corrected",0.0338,0.0503,0.5019,"MSE-optimal",997.36,4997,4615,382,390,226,164,"None",NA
"3","Full Sample","Liberal Democratic Norms Index: 1-factor principal-axis score of 7 ANES items (V201366, V201367, V201368, V201369, V201372x, V201375x, V201376), rescaled to [0, 1]; higher = stronger support for liberal democratic norms","days_from_cutoff: days between respondent date of birth and November 6, 1994; negative = born before cutoff (Control group)","November 6, 1994: born on/before this date = eligible to vote in 2012 presidential election (Control, treatment=0); born after = first eligible presidential election was 2016 (Treatment, treatment=1)","No — analyses are unweighted; ANES post-stratification weight V200010b available but not applied","Without Controls","Bias-Corrected (Robust SE)",0.0338,0.0617,0.5837,"MSE-optimal",997.36,4997,4615,382,390,226,164,"None",NA
"4","Full Sample","Liberal Democratic Norms Index: 1-factor principal-axis score of 7 ANES items (V201366, V201367, V201368, V201369, V201372x, V201375x, V201376), rescaled to [0, 1]; higher = stronger support for liberal democratic norms","days_from_cutoff: days between respondent date of birth and November 6, 1994; negative = born before cutoff (Control group)","November 6, 1994: born on/before this date = eligible to vote in 2012 presidential election (Control, treatment=0); born after = first eligible presidential election was 2016 (Treatment, treatment=1)","No — analyses are unweighted; ANES post-stratification weight V200010b available but not applied","With Controls","Conventional",0.0454,0.0383,0.2364,"MSE-optimal",1249.6,4997,4410,372,479,288,191,"education; sex; income; race_Black; race_Hispanic; race_Asian; race_Native; race_Other","White (omitted baseline; dummies included: race_Black, race_Hispanic, race_Asian, race_Native, race_Other)"
"5","Full Sample","Liberal Democratic Norms Index: 1-factor principal-axis score of 7 ANES items (V201366, V201367, V201368, V201369, V201372x, V201375x, V201376), rescaled to [0, 1]; higher = stronger support for liberal democratic norms","days_from_cutoff: days between respondent date of birth and November 6, 1994; negative = born before cutoff (Control group)","November 6, 1994: born on/before this date = eligible to vote in 2012 presidential election (Control, treatment=0); born after = first eligible presidential election was 2016 (Treatment, treatment=1)","No — analyses are unweighted; ANES post-stratification weight V200010b available but not applied","With Controls","Bias-Corrected",0.0501,0.0383,0.1913,"MSE-optimal",1249.6,4997,4410,372,479,288,191,"education; sex; income; race_Black; race_Hispanic; race_Asian; race_Native; race_Other","White (omitted baseline; dummies included: race_Black, race_Hispanic, race_Asian, race_Native, race_Other)"
"6","Full Sample","Liberal Democratic Norms Index: 1-factor principal-axis score of 7 ANES items (V201366, V201367, V201368, V201369, V201372x, V201375x, V201376), rescaled to [0, 1]; higher = stronger support for liberal democratic norms","days_from_cutoff: days between respondent date of birth and November 6, 1994; negative = born before cutoff (Control group)","November 6, 1994: born on/before this date = eligible to vote in 2012 presidential election (Control, treatment=0); born after = first eligible presidential election was 2016 (Treatment, treatment=1)","No — analyses are unweighted; ANES post-stratification weight V200010b available but not applied","With Controls","Bias-Corrected (Robust SE)",0.0501,0.0472,0.2889,"MSE-optimal",1249.6,4997,4410,372,479,288,191,"education; sex; income; race_Black; race_Hispanic; race_Asian; race_Native; race_Other","White (omitted baseline; dummies included: race_Black, race_Hispanic, race_Asian, race_Native, race_Other)"
"7","Independents","Liberal Democratic Norms Index: 1-factor principal-axis score of 7 ANES items (V201366, V201367, V201368, V201369, V201372x, V201375x, V201376), rescaled to [0, 1]; higher = stronger support for liberal democratic norms","days_from_cutoff: days between respondent date of birth and November 6, 1994; negative = born before cutoff (Control group)","November 6, 1994: born on/before this date = eligible to vote in 2012 presidential election (Control, treatment=0); born after = first eligible presidential election was 2016 (Treatment, treatment=1)","No — analyses are unweighted; ANES post-stratification weight V200010b available but not applied","Without Controls","Conventional",-0.0267,0.0595,0.6531,"MSE-optimal",1519.51,1107,1016,91,154,100,54,"None",NA
"8","Independents","Liberal Democratic Norms Index: 1-factor principal-axis score of 7 ANES items (V201366, V201367, V201368, V201369, V201372x, V201375x, V201376), rescaled to [0, 1]; higher = stronger support for liberal democratic norms","days_from_cutoff: days between respondent date of birth and November 6, 1994; negative = born before cutoff (Control group)","November 6, 1994: born on/before this date = eligible to vote in 2012 presidential election (Control, treatment=0); born after = first eligible presidential election was 2016 (Treatment, treatment=1)","No — analyses are unweighted; ANES post-stratification weight V200010b available but not applied","Without Controls","Bias-Corrected",-0.0404,0.0595,0.4969,"MSE-optimal",1519.51,1107,1016,91,154,100,54,"None",NA
"9","Independents","Liberal Democratic Norms Index: 1-factor principal-axis score of 7 ANES items (V201366, V201367, V201368, V201369, V201372x, V201375x, V201376), rescaled to [0, 1]; higher = stronger support for liberal democratic norms","days_from_cutoff: days between respondent date of birth and November 6, 1994; negative = born before cutoff (Control group)","November 6, 1994: born on/before this date = eligible to vote in 2012 presidential election (Control, treatment=0); born after = first eligible presidential election was 2016 (Treatment, treatment=1)","No — analyses are unweighted; ANES post-stratification weight V200010b available but not applied","Without Controls","Bias-Corrected (Robust SE)",-0.0404,0.0724,0.5768,"MSE-optimal",1519.51,1107,1016,91,154,100,54,"None",NA
"10","Independents","Liberal Democratic Norms Index: 1-factor principal-axis score of 7 ANES items (V201366, V201367, V201368, V201369, V201372x, V201375x, V201376), rescaled to [0, 1]; higher = stronger support for liberal democratic norms","days_from_cutoff: days between respondent date of birth and November 6, 1994; negative = born before cutoff (Control group)","November 6, 1994: born on/before this date = eligible to vote in 2012 presidential election (Control, treatment=0); born after = first eligible presidential election was 2016 (Treatment, treatment=1)","No — analyses are unweighted; ANES post-stratification weight V200010b available but not applied","With Controls","Conventional",8e-04,0.0509,0.9869,"MSE-optimal",1823.66,1107,956,88,172,114,58,"education; sex; income; race_Black; race_Hispanic; race_Asian; race_Native; race_Other","White (omitted baseline; dummies included: race_Black, race_Hispanic, race_Asian, race_Native, race_Other)"
"11","Independents","Liberal Democratic Norms Index: 1-factor principal-axis score of 7 ANES items (V201366, V201367, V201368, V201369, V201372x, V201375x, V201376), rescaled to [0, 1]; higher = stronger support for liberal democratic norms","days_from_cutoff: days between respondent date of birth and November 6, 1994; negative = born before cutoff (Control group)","November 6, 1994: born on/before this date = eligible to vote in 2012 presidential election (Control, treatment=0); born after = first eligible presidential election was 2016 (Treatment, treatment=1)","No — analyses are unweighted; ANES post-stratification weight V200010b available but not applied","With Controls","Bias-Corrected",-0.0015,0.0509,0.9765,"MSE-optimal",1823.66,1107,956,88,172,114,58,"education; sex; income; race_Black; race_Hispanic; race_Asian; race_Native; race_Other","White (omitted baseline; dummies included: race_Black, race_Hispanic, race_Asian, race_Native, race_Other)"
"12","Independents","Liberal Democratic Norms Index: 1-factor principal-axis score of 7 ANES items (V201366, V201367, V201368, V201369, V201372x, V201375x, V201376), rescaled to [0, 1]; higher = stronger support for liberal democratic norms","days_from_cutoff: days between respondent date of birth and November 6, 1994; negative = born before cutoff (Control group)","November 6, 1994: born on/before this date = eligible to vote in 2012 presidential election (Control, treatment=0); born after = first eligible presidential election was 2016 (Treatment, treatment=1)","No — analyses are unweighted; ANES post-stratification weight V200010b available but not applied","With Controls","Bias-Corrected (Robust SE)",-0.0015,0.0604,0.9802,"MSE-optimal",1823.66,1107,956,88,172,114,58,"education; sex; income; race_Black; race_Hispanic; race_Asian; race_Native; race_Other","White (omitted baseline; dummies included: race_Black, race_Hispanic, race_Asian, race_Native, race_Other)"
"13","Partisans","Liberal Democratic Norms Index: 1-factor principal-axis score of 7 ANES items (V201366, V201367, V201368, V201369, V201372x, V201375x, V201376), rescaled to [0, 1]; higher = stronger support for liberal democratic norms","days_from_cutoff: days between respondent date of birth and November 6, 1994; negative = born before cutoff (Control group)","November 6, 1994: born on/before this date = eligible to vote in 2012 presidential election (Control, treatment=0); born after = first eligible presidential election was 2016 (Treatment, treatment=1)","No — analyses are unweighted; ANES post-stratification weight V200010b available but not applied","Without Controls","Conventional",0.1112,0.0842,0.1867,"MSE-optimal",1028.26,3254,3027,227,224,123,101,"None",NA
"14","Partisans","Liberal Democratic Norms Index: 1-factor principal-axis score of 7 ANES items (V201366, V201367, V201368, V201369, V201372x, V201375x, V201376), rescaled to [0, 1]; higher = stronger support for liberal democratic norms","days_from_cutoff: days between respondent date of birth and November 6, 1994; negative = born before cutoff (Control group)","November 6, 1994: born on/before this date = eligible to vote in 2012 presidential election (Control, treatment=0); born after = first eligible presidential election was 2016 (Treatment, treatment=1)","No — analyses are unweighted; ANES post-stratification weight V200010b available but not applied","Without Controls","Bias-Corrected",0.1059,0.0842,0.2085,"MSE-optimal",1028.26,3254,3027,227,224,123,101,"None",NA
"15","Partisans","Liberal Democratic Norms Index: 1-factor principal-axis score of 7 ANES items (V201366, V201367, V201368, V201369, V201372x, V201375x, V201376), rescaled to [0, 1]; higher = stronger support for liberal democratic norms","days_from_cutoff: days between respondent date of birth and November 6, 1994; negative = born before cutoff (Control group)","November 6, 1994: born on/before this date = eligible to vote in 2012 presidential election (Control, treatment=0); born after = first eligible presidential election was 2016 (Treatment, treatment=1)","No — analyses are unweighted; ANES post-stratification weight V200010b available but not applied","Without Controls","Bias-Corrected (Robust SE)",0.1059,0.103,0.304,"MSE-optimal",1028.26,3254,3027,227,224,123,101,"None",NA
"16","Partisans","Liberal Democratic Norms Index: 1-factor principal-axis score of 7 ANES items (V201366, V201367, V201368, V201369, V201372x, V201375x, V201376), rescaled to [0, 1]; higher = stronger support for liberal democratic norms","days_from_cutoff: days between respondent date of birth and November 6, 1994; negative = born before cutoff (Control group)","November 6, 1994: born on/before this date = eligible to vote in 2012 presidential election (Control, treatment=0); born after = first eligible presidential election was 2016 (Treatment, treatment=1)","No — analyses are unweighted; ANES post-stratification weight V200010b available but not applied","With Controls","Conventional",0.1262,0.0646,0.0509,"MSE-optimal",1176.62,3254,2899,223,253,142,111,"education; sex; income; race_Black; race_Hispanic; race_Asian; race_Native; race_Other","White (omitted baseline; dummies included: race_Black, race_Hispanic, race_Asian, race_Native, race_Other)"
"17","Partisans","Liberal Democratic Norms Index: 1-factor principal-axis score of 7 ANES items (V201366, V201367, V201368, V201369, V201372x, V201375x, V201376), rescaled to [0, 1]; higher = stronger support for liberal democratic norms","days_from_cutoff: days between respondent date of birth and November 6, 1994; negative = born before cutoff (Control group)","November 6, 1994: born on/before this date = eligible to vote in 2012 presidential election (Control, treatment=0); born after = first eligible presidential election was 2016 (Treatment, treatment=1)","No — analyses are unweighted; ANES post-stratification weight V200010b available but not applied","With Controls","Bias-Corrected",0.1423,0.0646,0.0277,"MSE-optimal",1176.62,3254,2899,223,253,142,111,"education; sex; income; race_Black; race_Hispanic; race_Asian; race_Native; race_Other","White (omitted baseline; dummies included: race_Black, race_Hispanic, race_Asian, race_Native, race_Other)"
"18","Partisans","Liberal Democratic Norms Index: 1-factor principal-axis score of 7 ANES items (V201366, V201367, V201368, V201369, V201372x, V201375x, V201376), rescaled to [0, 1]; higher = stronger support for liberal democratic norms","days_from_cutoff: days between respondent date of birth and November 6, 1994; negative = born before cutoff (Control group)","November 6, 1994: born on/before this date = eligible to vote in 2012 presidential election (Control, treatment=0); born after = first eligible presidential election was 2016 (Treatment, treatment=1)","No — analyses are unweighted; ANES post-stratification weight V200010b available but not applied","With Controls","Bias-Corrected (Robust SE)",0.1423,0.0787,0.0704,"MSE-optimal",1176.62,3254,2899,223,253,142,111,"education; sex; income; race_Black; race_Hispanic; race_Asian; race_Native; race_Other","White (omitted baseline; dummies included: race_Black, race_Hispanic, race_Asian, race_Native, race_Other)"
"19","Democrats","Liberal Democratic Norms Index: 1-factor principal-axis score of 7 ANES items (V201366, V201367, V201368, V201369, V201372x, V201375x, V201376), rescaled to [0, 1]; higher = stronger support for liberal democratic norms","days_from_cutoff: days between respondent date of birth and November 6, 1994; negative = born before cutoff (Control group)","November 6, 1994: born on/before this date = eligible to vote in 2012 presidential election (Control, treatment=0); born after = first eligible presidential election was 2016 (Treatment, treatment=1)","No — analyses are unweighted; ANES post-stratification weight V200010b available but not applied","Without Controls","Conventional",0.0906,0.1203,0.4513,"MSE-optimal",1049.63,1756,1610,146,145,84,61,"None",NA
"20","Democrats","Liberal Democratic Norms Index: 1-factor principal-axis score of 7 ANES items (V201366, V201367, V201368, V201369, V201372x, V201375x, V201376), rescaled to [0, 1]; higher = stronger support for liberal democratic norms","days_from_cutoff: days between respondent date of birth and November 6, 1994; negative = born before cutoff (Control group)","November 6, 1994: born on/before this date = eligible to vote in 2012 presidential election (Control, treatment=0); born after = first eligible presidential election was 2016 (Treatment, treatment=1)","No — analyses are unweighted; ANES post-stratification weight V200010b available but not applied","Without Controls","Bias-Corrected",0.0764,0.1203,0.525,"MSE-optimal",1049.63,1756,1610,146,145,84,61,"None",NA
"21","Democrats","Liberal Democratic Norms Index: 1-factor principal-axis score of 7 ANES items (V201366, V201367, V201368, V201369, V201372x, V201375x, V201376), rescaled to [0, 1]; higher = stronger support for liberal democratic norms","days_from_cutoff: days between respondent date of birth and November 6, 1994; negative = born before cutoff (Control group)","November 6, 1994: born on/before this date = eligible to vote in 2012 presidential election (Control, treatment=0); born after = first eligible presidential election was 2016 (Treatment, treatment=1)","No — analyses are unweighted; ANES post-stratification weight V200010b available but not applied","Without Controls","Bias-Corrected (Robust SE)",0.0764,0.1474,0.604,"MSE-optimal",1049.63,1756,1610,146,145,84,61,"None",NA
"22","Democrats","Liberal Democratic Norms Index: 1-factor principal-axis score of 7 ANES items (V201366, V201367, V201368, V201369, V201372x, V201375x, V201376), rescaled to [0, 1]; higher = stronger support for liberal democratic norms","days_from_cutoff: days between respondent date of birth and November 6, 1994; negative = born before cutoff (Control group)","November 6, 1994: born on/before this date = eligible to vote in 2012 presidential election (Control, treatment=0); born after = first eligible presidential election was 2016 (Treatment, treatment=1)","No — analyses are unweighted; ANES post-stratification weight V200010b available but not applied","With Controls","Conventional",0.0642,0.0905,0.4778,"MSE-optimal",1263.89,1756,1550,143,175,101,74,"education; sex; income; race_Black; race_Hispanic; race_Asian; race_Native; race_Other","White (omitted baseline; dummies included: race_Black, race_Hispanic, race_Asian, race_Native, race_Other)"
"23","Democrats","Liberal Democratic Norms Index: 1-factor principal-axis score of 7 ANES items (V201366, V201367, V201368, V201369, V201372x, V201375x, V201376), rescaled to [0, 1]; higher = stronger support for liberal democratic norms","days_from_cutoff: days between respondent date of birth and November 6, 1994; negative = born before cutoff (Control group)","November 6, 1994: born on/before this date = eligible to vote in 2012 presidential election (Control, treatment=0); born after = first eligible presidential election was 2016 (Treatment, treatment=1)","No — analyses are unweighted; ANES post-stratification weight V200010b available but not applied","With Controls","Bias-Corrected",0.0668,0.0905,0.46,"MSE-optimal",1263.89,1756,1550,143,175,101,74,"education; sex; income; race_Black; race_Hispanic; race_Asian; race_Native; race_Other","White (omitted baseline; dummies included: race_Black, race_Hispanic, race_Asian, race_Native, race_Other)"
"24","Democrats","Liberal Democratic Norms Index: 1-factor principal-axis score of 7 ANES items (V201366, V201367, V201368, V201369, V201372x, V201375x, V201376), rescaled to [0, 1]; higher = stronger support for liberal democratic norms","days_from_cutoff: days between respondent date of birth and November 6, 1994; negative = born before cutoff (Control group)","November 6, 1994: born on/before this date = eligible to vote in 2012 presidential election (Control, treatment=0); born after = first eligible presidential election was 2016 (Treatment, treatment=1)","No — analyses are unweighted; ANES post-stratification weight V200010b available but not applied","With Controls","Bias-Corrected (Robust SE)",0.0668,0.1137,0.5566,"MSE-optimal",1263.89,1756,1550,143,175,101,74,"education; sex; income; race_Black; race_Hispanic; race_Asian; race_Native; race_Other","White (omitted baseline; dummies included: race_Black, race_Hispanic, race_Asian, race_Native, race_Other)"
"25","Republicans","Liberal Democratic Norms Index: 1-factor principal-axis score of 7 ANES items (V201366, V201367, V201368, V201369, V201372x, V201375x, V201376), rescaled to [0, 1]; higher = stronger support for liberal democratic norms","days_from_cutoff: days between respondent date of birth and November 6, 1994; negative = born before cutoff (Control group)","November 6, 1994: born on/before this date = eligible to vote in 2012 presidential election (Control, treatment=0); born after = first eligible presidential election was 2016 (Treatment, treatment=1)","No — analyses are unweighted; ANES post-stratification weight V200010b available but not applied","Without Controls","Conventional",0.1414,0.0694,0.0415,"MSE-optimal",1340.38,1498,1417,81,101,54,47,"None",NA
"26","Republicans","Liberal Democratic Norms Index: 1-factor principal-axis score of 7 ANES items (V201366, V201367, V201368, V201369, V201372x, V201375x, V201376), rescaled to [0, 1]; higher = stronger support for liberal democratic norms","days_from_cutoff: days between respondent date of birth and November 6, 1994; negative = born before cutoff (Control group)","November 6, 1994: born on/before this date = eligible to vote in 2012 presidential election (Control, treatment=0); born after = first eligible presidential election was 2016 (Treatment, treatment=1)","No — analyses are unweighted; ANES post-stratification weight V200010b available but not applied","Without Controls","Bias-Corrected",0.155,0.0694,0.0255,"MSE-optimal",1340.38,1498,1417,81,101,54,47,"None",NA
"27","Republicans","Liberal Democratic Norms Index: 1-factor principal-axis score of 7 ANES items (V201366, V201367, V201368, V201369, V201372x, V201375x, V201376), rescaled to [0, 1]; higher = stronger support for liberal democratic norms","days_from_cutoff: days between respondent date of birth and November 6, 1994; negative = born before cutoff (Control group)","November 6, 1994: born on/before this date = eligible to vote in 2012 presidential election (Control, treatment=0); born after = first eligible presidential election was 2016 (Treatment, treatment=1)","No — analyses are unweighted; ANES post-stratification weight V200010b available but not applied","Without Controls","Bias-Corrected (Robust SE)",0.155,0.0841,0.0652,"MSE-optimal",1340.38,1498,1417,81,101,54,47,"None",NA
"28","Republicans","Liberal Democratic Norms Index: 1-factor principal-axis score of 7 ANES items (V201366, V201367, V201368, V201369, V201372x, V201375x, V201376), rescaled to [0, 1]; higher = stronger support for liberal democratic norms","days_from_cutoff: days between respondent date of birth and November 6, 1994; negative = born before cutoff (Control group)","November 6, 1994: born on/before this date = eligible to vote in 2012 presidential election (Control, treatment=0); born after = first eligible presidential election was 2016 (Treatment, treatment=1)","No — analyses are unweighted; ANES post-stratification weight V200010b available but not applied","With Controls","Conventional",0.1553,0.0544,0.0043,"MSE-optimal",1423.97,1498,1349,80,109,61,48,"education; sex; income; race_Black; race_Hispanic; race_Asian; race_Native; race_Other","White (omitted baseline; dummies included: race_Black, race_Hispanic, race_Asian, race_Native, race_Other)"
"29","Republicans","Liberal Democratic Norms Index: 1-factor principal-axis score of 7 ANES items (V201366, V201367, V201368, V201369, V201372x, V201375x, V201376), rescaled to [0, 1]; higher = stronger support for liberal democratic norms","days_from_cutoff: days between respondent date of birth and November 6, 1994; negative = born before cutoff (Control group)","November 6, 1994: born on/before this date = eligible to vote in 2012 presidential election (Control, treatment=0); born after = first eligible presidential election was 2016 (Treatment, treatment=1)","No — analyses are unweighted; ANES post-stratification weight V200010b available but not applied","With Controls","Bias-Corrected",0.1821,0.0544,8e-04,"MSE-optimal",1423.97,1498,1349,80,109,61,48,"education; sex; income; race_Black; race_Hispanic; race_Asian; race_Native; race_Other","White (omitted baseline; dummies included: race_Black, race_Hispanic, race_Asian, race_Native, race_Other)"
"30","Republicans","Liberal Democratic Norms Index: 1-factor principal-axis score of 7 ANES items (V201366, V201367, V201368, V201369, V201372x, V201375x, V201376), rescaled to [0, 1]; higher = stronger support for liberal democratic norms","days_from_cutoff: days between respondent date of birth and November 6, 1994; negative = born before cutoff (Control group)","November 6, 1994: born on/before this date = eligible to vote in 2012 presidential election (Control, treatment=0); born after = first eligible presidential election was 2016 (Treatment, treatment=1)","No — analyses are unweighted; ANES post-stratification weight V200010b available but not applied","With Controls","Bias-Corrected (Robust SE)",0.1821,0.0651,0.0051,"MSE-optimal",1423.97,1498,1349,80,109,61,48,"education; sex; income; race_Black; race_Hispanic; race_Asian; race_Native; race_Other","White (omitted baseline; dummies included: race_Black, race_Hispanic, race_Asian, race_Native, race_Other)"
"31","Expect In-Party Win","Liberal Democratic Norms Index: 1-factor principal-axis score of 7 ANES items (V201366, V201367, V201368, V201369, V201372x, V201375x, V201376), rescaled to [0, 1]; higher = stronger support for liberal democratic norms","days_from_cutoff: days between respondent date of birth and November 6, 1994; negative = born before cutoff (Control group)","November 6, 1994: born on/before this date = eligible to vote in 2012 presidential election (Control, treatment=0); born after = first eligible presidential election was 2016 (Treatment, treatment=1)","No — analyses are unweighted; ANES post-stratification weight V200010b available but not applied","Without Controls","Conventional",0.1025,0.0612,0.0941,"MSE-optimal",1283.49,2782,2599,183,219,125,94,"None",NA
"32","Expect In-Party Win","Liberal Democratic Norms Index: 1-factor principal-axis score of 7 ANES items (V201366, V201367, V201368, V201369, V201372x, V201375x, V201376), rescaled to [0, 1]; higher = stronger support for liberal democratic norms","days_from_cutoff: days between respondent date of birth and November 6, 1994; negative = born before cutoff (Control group)","November 6, 1994: born on/before this date = eligible to vote in 2012 presidential election (Control, treatment=0); born after = first eligible presidential election was 2016 (Treatment, treatment=1)","No — analyses are unweighted; ANES post-stratification weight V200010b available but not applied","Without Controls","Bias-Corrected",0.1176,0.0612,0.0549,"MSE-optimal",1283.49,2782,2599,183,219,125,94,"None",NA
"33","Expect In-Party Win","Liberal Democratic Norms Index: 1-factor principal-axis score of 7 ANES items (V201366, V201367, V201368, V201369, V201372x, V201375x, V201376), rescaled to [0, 1]; higher = stronger support for liberal democratic norms","days_from_cutoff: days between respondent date of birth and November 6, 1994; negative = born before cutoff (Control group)","November 6, 1994: born on/before this date = eligible to vote in 2012 presidential election (Control, treatment=0); born after = first eligible presidential election was 2016 (Treatment, treatment=1)","No — analyses are unweighted; ANES post-stratification weight V200010b available but not applied","Without Controls","Bias-Corrected (Robust SE)",0.1176,0.0757,0.1207,"MSE-optimal",1283.49,2782,2599,183,219,125,94,"None",NA
"34","Expect In-Party Win","Liberal Democratic Norms Index: 1-factor principal-axis score of 7 ANES items (V201366, V201367, V201368, V201369, V201372x, V201375x, V201376), rescaled to [0, 1]; higher = stronger support for liberal democratic norms","days_from_cutoff: days between respondent date of birth and November 6, 1994; negative = born before cutoff (Control group)","November 6, 1994: born on/before this date = eligible to vote in 2012 presidential election (Control, treatment=0); born after = first eligible presidential election was 2016 (Treatment, treatment=1)","No — analyses are unweighted; ANES post-stratification weight V200010b available but not applied","With Controls","Conventional",0.1032,0.0608,0.0894,"MSE-optimal",1277.68,2782,2496,179,217,123,94,"education; sex; income; race_Black; race_Hispanic; race_Asian; race_Native; race_Other","White (omitted baseline; dummies included: race_Black, race_Hispanic, race_Asian, race_Native, race_Other)"
"35","Expect In-Party Win","Liberal Democratic Norms Index: 1-factor principal-axis score of 7 ANES items (V201366, V201367, V201368, V201369, V201372x, V201375x, V201376), rescaled to [0, 1]; higher = stronger support for liberal democratic norms","days_from_cutoff: days between respondent date of birth and November 6, 1994; negative = born before cutoff (Control group)","November 6, 1994: born on/before this date = eligible to vote in 2012 presidential election (Control, treatment=0); born after = first eligible presidential election was 2016 (Treatment, treatment=1)","No — analyses are unweighted; ANES post-stratification weight V200010b available but not applied","With Controls","Bias-Corrected",0.1218,0.0608,0.045,"MSE-optimal",1277.68,2782,2496,179,217,123,94,"education; sex; income; race_Black; race_Hispanic; race_Asian; race_Native; race_Other","White (omitted baseline; dummies included: race_Black, race_Hispanic, race_Asian, race_Native, race_Other)"
"36","Expect In-Party Win","Liberal Democratic Norms Index: 1-factor principal-axis score of 7 ANES items (V201366, V201367, V201368, V201369, V201372x, V201375x, V201376), rescaled to [0, 1]; higher = stronger support for liberal democratic norms","days_from_cutoff: days between respondent date of birth and November 6, 1994; negative = born before cutoff (Control group)","November 6, 1994: born on/before this date = eligible to vote in 2012 presidential election (Control, treatment=0); born after = first eligible presidential election was 2016 (Treatment, treatment=1)","No — analyses are unweighted; ANES post-stratification weight V200010b available but not applied","With Controls","Bias-Corrected (Robust SE)",0.1218,0.0753,0.1058,"MSE-optimal",1277.68,2782,2496,179,217,123,94,"education; sex; income; race_Black; race_Hispanic; race_Asian; race_Native; race_Other","White (omitted baseline; dummies included: race_Black, race_Hispanic, race_Asian, race_Native, race_Other)"
"37","Expect In-Party Loss","Liberal Democratic Norms Index: 1-factor principal-axis score of 7 ANES items (V201366, V201367, V201368, V201369, V201372x, V201375x, V201376), rescaled to [0, 1]; higher = stronger support for liberal democratic norms","days_from_cutoff: days between respondent date of birth and November 6, 1994; negative = born before cutoff (Control group)","November 6, 1994: born on/before this date = eligible to vote in 2012 presidential election (Control, treatment=0); born after = first eligible presidential election was 2016 (Treatment, treatment=1)","No — analyses are unweighted; ANES post-stratification weight V200010b available but not applied","Without Controls","Conventional",0.1522,0.1718,0.3755,"MSE-optimal",1979.71,401,359,42,80,44,36,"None",NA
"38","Expect In-Party Loss","Liberal Democratic Norms Index: 1-factor principal-axis score of 7 ANES items (V201366, V201367, V201368, V201369, V201372x, V201375x, V201376), rescaled to [0, 1]; higher = stronger support for liberal democratic norms","days_from_cutoff: days between respondent date of birth and November 6, 1994; negative = born before cutoff (Control group)","November 6, 1994: born on/before this date = eligible to vote in 2012 presidential election (Control, treatment=0); born after = first eligible presidential election was 2016 (Treatment, treatment=1)","No — analyses are unweighted; ANES post-stratification weight V200010b available but not applied","Without Controls","Bias-Corrected",0.1335,0.1718,0.4372,"MSE-optimal",1979.71,401,359,42,80,44,36,"None",NA
"39","Expect In-Party Loss","Liberal Democratic Norms Index: 1-factor principal-axis score of 7 ANES items (V201366, V201367, V201368, V201369, V201372x, V201375x, V201376), rescaled to [0, 1]; higher = stronger support for liberal democratic norms","days_from_cutoff: days between respondent date of birth and November 6, 1994; negative = born before cutoff (Control group)","November 6, 1994: born on/before this date = eligible to vote in 2012 presidential election (Control, treatment=0); born after = first eligible presidential election was 2016 (Treatment, treatment=1)","No — analyses are unweighted; ANES post-stratification weight V200010b available but not applied","Without Controls","Bias-Corrected (Robust SE)",0.1335,0.2258,0.5546,"MSE-optimal",1979.71,401,359,42,80,44,36,"None",NA
"40","Expect In-Party Loss","Liberal Democratic Norms Index: 1-factor principal-axis score of 7 ANES items (V201366, V201367, V201368, V201369, V201372x, V201375x, V201376), rescaled to [0, 1]; higher = stronger support for liberal democratic norms","days_from_cutoff: days between respondent date of birth and November 6, 1994; negative = born before cutoff (Control group)","November 6, 1994: born on/before this date = eligible to vote in 2012 presidential election (Control, treatment=0); born after = first eligible presidential election was 2016 (Treatment, treatment=1)","No — analyses are unweighted; ANES post-stratification weight V200010b available but not applied","With Controls","Conventional",0.1619,0.101,0.1087,"MSE-optimal",2005.48,401,340,42,78,42,36,"education; sex; income; race_Black; race_Hispanic; race_Asian; race_Native; race_Other","White (omitted baseline; dummies included: race_Black, race_Hispanic, race_Asian, race_Native, race_Other)"
"41","Expect In-Party Loss","Liberal Democratic Norms Index: 1-factor principal-axis score of 7 ANES items (V201366, V201367, V201368, V201369, V201372x, V201375x, V201376), rescaled to [0, 1]; higher = stronger support for liberal democratic norms","days_from_cutoff: days between respondent date of birth and November 6, 1994; negative = born before cutoff (Control group)","November 6, 1994: born on/before this date = eligible to vote in 2012 presidential election (Control, treatment=0); born after = first eligible presidential election was 2016 (Treatment, treatment=1)","No — analyses are unweighted; ANES post-stratification weight V200010b available but not applied","With Controls","Bias-Corrected",0.1912,0.101,0.0583,"MSE-optimal",2005.48,401,340,42,78,42,36,"education; sex; income; race_Black; race_Hispanic; race_Asian; race_Native; race_Other","White (omitted baseline; dummies included: race_Black, race_Hispanic, race_Asian, race_Native, race_Other)"
"42","Expect In-Party Loss","Liberal Democratic Norms Index: 1-factor principal-axis score of 7 ANES items (V201366, V201367, V201368, V201369, V201372x, V201375x, V201376), rescaled to [0, 1]; higher = stronger support for liberal democratic norms","days_from_cutoff: days between respondent date of birth and November 6, 1994; negative = born before cutoff (Control group)","November 6, 1994: born on/before this date = eligible to vote in 2012 presidential election (Control, treatment=0); born after = first eligible presidential election was 2016 (Treatment, treatment=1)","No — analyses are unweighted; ANES post-stratification weight V200010b available but not applied","With Controls","Bias-Corrected (Robust SE)",0.1912,0.1345,0.1553,"MSE-optimal",2005.48,401,340,42,78,42,36,"education; sex; income; race_Black; race_Hispanic; race_Asian; race_Native; race_Other","White (omitted baseline; dummies included: race_Black, race_Hispanic, race_Asian, race_Native, race_Other)"
